,t_wait_for_berthing_h,t_operation_h,t_post_operation_h,t_total_port_stay_h,avg_wait_prev_20_calls_port,avg_operation_prev_20_calls_port,std_wait_prev_20_calls_port,arrivals_same_day_port,arrivals_prev_day_port,arrivals_prev_7d_avg_port,temperature_2m_mean,temperature_2m_max,temperature_2m_min,precipitation_sum,rain_sum,precipitation_hours,wind_speed_10m_max,wind_gusts_10m_max,wind_direction_10m_dominant,rain_sum_prev_1d,precipitation_sum_prev_1d,wind_speed_10m_max_prev_1d,wind_gusts_10m_max_prev_1d,temperature_2m_mean_prev_1d,rain_sum_prev_3d,precipitation_hours_prev_3d,temperature_2m_mean_prev_3d,wind_speed_10m_max_prev_3d,wind_gusts_10m_max_prev_3d,rain_sum_prev_7d,precipitation_hours_prev_7d,temperature_2m_mean_prev_7d,wind_speed_10m_max_prev_7d,wind_gusts_10m_max_prev_7d,op_abastecimento_bunker,op_arribada,op_carga,op_descarga,op_desembarque_passageiros,op_embarque_passageiros,op_fundeio,op_fundeio_ship_to_ship,op_navio_estado_com_operacao_comercial,op_navio_estado_marinha_brasil,op_navio_estado_sem_operacao_comercial,op_offshore,op_reparo_manutencao,op_retirada_residuos_com_operacao_comercial,op_retirada_residuos_sem_operacao_comercial,op_solicitacao_certificado,op_tipo_operacao_nao_mapeado,arrival_month,arrival_dayofweek,arrival_hour,arrival_is_weekend
t_wait_for_berthing_h,1.0,0.0047834931502312005,0.0072527780236678,0.08521078891333375,0.41629736734116624,0.032485668658117035,0.3853817218198933,0.008103571475915412,0.006258681959460673,0.006065439287604411,-0.037830355542485324,-0.05926841812438073,-0.017458738293373348,0.021796534484808328,0.021796534484808328,0.017901269399688353,0.005309429030218469,-0.02112391359291616,0.022515187431561362,0.017148929748388837,0.017148929748388837,0.003165784204977752,-0.02256361074386655,-0.03789920659682467,0.02168743659089096,0.022460572789411788,-0.03857074351165416,0.006320661892710164,-0.02274929846885069,0.020741523979595073,0.02348204247155698,-0.03956652293758955,0.008341419610264923,-0.02065403441053222,-0.025023918527224465,-0.005354287940857965,0.039426244222400424,-0.006857569204718058,-0.019599243325328877,-0.019491171159936368,-0.01408886514599738,-0.003822310787405196,0.00015390006100589863,0.0002173780609852071,-0.00035608186413746087,-0.0669603121556271,0.0025409167722599017,5.9930809301726665e-05,-0.00026820618282741,-0.0211864062185572,,0.013826735048311199,0.0047002379062380095,0.000997045356537489,0.007110247988397069
t_operation_h,0.0047834931502312005,1.0,0.017380694366146032,0.9964452433257937,0.008126709385582638,0.6048675865555565,0.0034778131789728276,0.0014411604289208831,0.005118427681135873,0.01298984544336594,0.0016507328641917457,0.004218672643898226,-0.0013429228273382477,-0.0012267379461543943,-0.0012267379461543943,-0.0016384622206166558,-0.013165235374962055,-0.0076554017554197416,0.003041753768655803,-0.0013281258831846303,-0.0013281258831846303,-0.015228804841476212,-0.010200127335006613,0.002749769554886402,-0.0035804241050809683,-0.002956733189551498,0.0028231451443331756,-0.01824581062331113,-0.012726023072775676,-0.0020764072974537293,-0.001025052103053985,0.001318130678487437,-0.016147137959353342,-0.010262776469903367,-0.006376261642072662,-0.001498184422431715,-0.043858974973060426,-0.04055267548433384,-0.0003316564776301646,0.00021503904002066068,0.016724459864189238,-0.0011249689371611066,-0.00044334456911428194,-0.0004714258266682701,-0.00010107990395482514,0.028698294530265827,0.008433648471968638,-0.0005200269236191438,-2.576878465887096e-05,0.08101769425290148,,0.009612592201523657,-0.0007286198833437281,0.0071998322526360395,-0.0022087174193336258
t_post_operation_h,0.0072527780236678,0.017380694366146032,1.0,0.042900129423417206,-0.00250540149104824,0.0005915981053947624,-0.0032444728251242775,0.0266267520583438,0.025557680922731668,0.026944805315607424,-0.003949961120227345,0.0008675122582154012,-0.007021797686462352,-0.0029613083760619266,-0.0029613083760619266,-0.0058271357916969005,-0.0018187222972872428,-0.0009095439360488899,0.0022488348890007492,-0.0030334862468932673,-0.0030334862468932673,0.0008290900088856102,0.0008199766071172134,-0.0030050679724376015,-0.005768957108751112,-0.010882334189186865,-0.00345840276277084,0.0024566185029588623,0.0034413340057602407,-0.009627299104003595,-0.013385522280578084,-0.0022900339341290752,0.001179666096764026,0.0027404093091452936,-0.004978507011565857,-0.0013191385755651523,-0.029957829448290427,-0.016571590499456848,-0.00502398071797047,-0.005015261724520716,0.0011626515080169345,0.001240856283485289,0.00013879586320636328,0.00015570462528781057,1.9605490514293422e-06,0.039109932625825974,0.005003736256562923,0.00011377012595861081,2.5265540372746515e-05,-0.005075111129915901,,-0.002672939289173498,0.0020944995065340553,0.0005068568431252754,0.003360506035757474
t_total_port_stay_h,0.08521078891333375,0.9964452433257937,0.042900129423417206,1.0,0.05928191821846571,0.6024236696241417,0.05084179816390483,0.0027513280364241262,0.0064389486034836,0.014523806191616247,-0.001491809675107431,-0.0005353645017799795,-0.002914044940487603,0.000454093155698551,0.000454093155698551,-0.00034017470033581733,-0.012726979086165019,-0.009340220798632082,0.004891923594700815,-2.119651491956723e-05,-2.119651491956723e-05,-0.014887171587318278,-0.01194675385731367,-0.0003806879812011525,-0.001967650300871255,-0.0014125609660475093,-0.0003729003640656181,-0.01759691177292379,-0.014410905806567821,-0.0006427208124800609,0.0005300465569004375,-0.0019220477317267533,-0.015377119242286671,-0.011807739074210975,-0.008481494031442932,-0.0019543997305386256,-0.041251884917515635,-0.04134026511305252,-0.002029040836156301,-0.0014758435722421563,0.015549529711165848,-0.001395815686459974,-0.0004255808121863114,-0.0004480211377173091,-0.00012917034706862404,0.02417636180744821,0.008725875414559768,-0.0005100963866503654,-4.6552163687798e-05,0.07883585627583484,,0.010613520678530702,-0.00029576990853908926,0.007261051867497922,-0.0015442835075762662
avg_wait_prev_20_calls_port,0.41629736734116624,0.008126709385582638,-0.00250540149104824,0.05928191821846571,1.0,0.030451564464665893,0.8857015843544227,0.011670476261216145,0.009387818739584906,0.010596195246846461,-0.06915991456334769,-0.10975210549927204,-0.03130722118525238,0.019168361345274627,0.019168361345274627,0.02900495355280628,0.005450837671482359,-0.04493609336830763,0.04546995501022581,0.035262200337094485,0.035262200337094485,0.007899918475136478,-0.04101773492655534,-0.07024030547804672,0.036978884769262525,0.03939240930058176,-0.07106022429460368,0.009686588603909377,-0.047020196372626694,0.0401766754696985,0.04348716083772785,-0.0733416618602659,0.014745240680681362,-0.041715835931092404,-0.04221868613370624,-0.011245549083209289,0.09587033028937463,0.07812409835407633,-0.006571932633675217,-0.00657078946858781,-0.023115227149221353,-0.0038951549025898354,-0.005826712759805588,-0.005737066466556388,-0.004399480815674892,-0.12302330926157298,-0.007639550583103477,-0.005249108057231317,-0.005667678339947118,-0.030862901189267475,,0.026739458998824198,0.0015852760128218396,0.0014759231923687363,0.004997985294939555
avg_operation_prev_20_calls_port,0.032485668658117035,0.6048675865555565,0.0005915981053947624,0.6024236696241417,0.030451564464665893,1.0,0.01773415248286062,-0.006107323806565904,-0.005966470104187936,-0.007249494454069673,0.006130623055567019,0.008494152439204058,0.002601885617397176,-0.004045694694945632,-0.004045694694945632,-0.002128042734583149,-0.012508371070905855,-0.004157799522250697,-0.0001981063593954686,-0.0031855073925047004,-0.0031855073925047004,-0.014859541664167886,-0.0071535265931091906,0.00536283579293631,-0.003457432188738287,-0.0009841234101889895,0.004442787963265954,-0.018567923776431308,-0.010921179197479055,-0.0008133154921439983,-0.0009561933080638028,0.003758495973692433,-0.016859462901170987,-0.008524066606616731,0.0009450861743255093,-0.0010573314135574568,-0.02773966158177577,-0.02193607253672266,-0.001247090614075213,-0.001283094959750765,0.008728543367827213,-0.0012439252538225408,-0.002019377263879481,-0.0020541451065773622,-0.0019932014588792124,0.023708005112271117,-0.0008874054287153286,-0.002064415876090448,-0.0020586262034131297,0.04451156137796148,,0.010024483887895706,-0.0018068413136641268,-0.00046167145818275577,-0.004250513647698926
std_wait_prev_20_calls_port,0.3853817218198933,0.0034778131789728276,-0.0032444728251242775,0.05084179816390483,0.8857015843544227,0.01773415248286062,1.0,0.030501774300011657,0.02736700359159328,0.030253363332522522,-0.0750935362353455,-0.12406538991818614,-0.030180463222637312,0.023575698167798902,0.023575698167798902,0.0344656836800147,0.0068863880345892865,-0.056330848334523856,0.05383797157716799,0.040535667296239565,0.040535667296239565,0.009955821793368323,-0.051973918815890655,-0.07708775636034618,0.04741762171218881,0.049955881431597536,-0.0781531671823519,0.013324774386547245,-0.057904503201316314,0.05540308070702984,0.058453221682975655,-0.08011263365472404,0.019819993765365092,-0.05307353692100341,-0.050613697356813245,-0.01374999114778568,0.1213259613188942,0.096438631871827,-0.004866577622493632,-0.004864591854683338,-0.027763570254176535,-0.004879756684063503,-0.006963685427527303,-0.00685092200238703,-0.004951672152917341,-0.1514531424334918,-0.00945738424427048,-0.0063434022046508455,-0.0067243393346528455,-0.03747331490987799,,0.012350722442911239,0.004489719279725756,0.003301220620620799,0.010109715096536563
arrivals_same_day_port,0.008103571475915412,0.0014411604289208831,0.0266267520583438,0.0027513280364241262,0.011670476261216145,-0.006107323806565904,0.030501774300011657,1.0,0.8867515381589149,0.9275208106493321,-0.0701535929871168,0.0018617889020795394,-0.1257168182445844,-0.05926405033396515,-0.05926405033396515,-0.13933190264981601,-0.08374127707846404,-0.09225707749304961,0.0957383693383837,-0.05545285626856113,-0.05545285626856113,-0.09457937275353752,-0.10354766553047322,-0.07292129503044643,-0.07202303264892956,-0.16322830833429583,-0.0800391219823743,-0.04705060915257775,-0.05642448319139547,-0.08361330901630752,-0.18283132353689288,-0.08228877491101914,-0.020572753679152535,-0.023840954713452624,0.07449098196128345,-0.033858797855229474,-0.2375436918814652,-0.2326513814719476,-0.01814332519756393,-0.017019255413301418,0.018414619725990303,-0.005661156097365571,-0.01656510547072481,-0.016298179764132326,-0.017565224747476113,0.4394466832785111,-0.01537341666464444,-0.016725432766715707,-0.017370534880971893,-0.01788395847802813,,-0.02065470984222225,-0.06669010553598674,-0.009045382172438396,-0.0827546474125254
arrivals_prev_day_port,0.006258681959460673,0.005118427681135873,0.025557680922731668,0.0064389486034836,0.009387818739584906,-0.005966470104187936,0.02736700359159328,0.8867515381589149,1.0,0.9409529494699818,-0.06721929693811327,0.00490967596682558,-0.12372829127624022,-0.04187447798479238,-0.04187447798479238,-0.12476906689505757,-0.08116582360384533,-0.08152636829397392,0.09289832858614923,-0.05738907970258684,-0.05738907970258684,-0.09273776515433105,-0.0976484658792763,-0.0668786850932552,-0.0772963544378621,-0.16792962981741127,-0.07380576858442273,-0.057341947720628596,-0.06377608453819561,-0.08743077160706957,-0.18723076607559852,-0.07782506348109763,-0.030629382223802702,-0.03193463970916079,0.07282037104604983,-0.033679382355399724,-0.23041610883878044,-0.22569052023246333,-0.016421335100900467,-0.015598309841416923,0.01676737132250569,-0.005434712254563781,-0.016999839001115263,-0.01675673761566994,-0.01776985388230982,0.4329475483899545,-0.016586741831443614,-0.017227961146214846,-0.01795772354392222,-0.022775944935074028,,-0.019411266615484882,-0.009140596105206785,-0.008190742035451002,-0.04880971727195619
arrivals_prev_7d_avg_port,0.006065439287604411,0.01298984544336594,0.026944805315607424,0.014523806191616247,0.010596195246846461,-0.007249494454069673,0.030253363332522522,0.9275208106493321,0.9409529494699818,1.0,-0.07303229321357195,0.0031164987852127543,-0.13267964196604107,-0.04608074661175641,-0.04608074661175641,-0.13313974790747166,-0.08511111747048063,-0.08651398054146266,0.09806580742859644,-0.047671968077750815,-0.047671968077750815,-0.09059276691297946,-0.09331762184957407,-0.07233358410802812,-0.07201790951807246,-0.17009470160444784,-0.07552649203336942,-0.049329221679978524,-0.05353295971943316,-0.09448427805511884,-0.20331109423401397,-0.07946293643204466,-0.03303563787543362,-0.03586111103100104,0.07822750001863792,-0.03595536032460709,-0.2383789562455685,-0.23329186226404014,-0.01584156117708738,-0.014920828231484431,0.01737061386099264,-0.005956941793159768,-0.018020135826535822,-0.017760014275898253,-0.018908660120705127,0.4504582350017285,-0.0171721936020796,-0.018270567936014812,-0.018937198745717154,-0.023570241067442838,,-0.019114811430242674,-0.017115726452413,-0.0074111288510451635,-0.020156434368576337
temperature_2m_mean,-0.037830355542485324,0.0016507328641917457,-0.003949961120227345,-0.001491809675107431,-0.06915991456334769,0.006130623055567019,-0.0750935362353455,-0.0701535929871168,-0.06721929693811327,-0.07303229321357195,1.0,0.9309951246131914,0.9501646292319766,-0.01527750207727268,-0.01527750207727268,0.018732496638218864,-0.06126765295750401,0.010239454250560305,-0.2439788312261103,-0.03513384118540408,-0.03513384118540408,-0.10452114184863737,-0.050186403516441096,0.9425666553250277,-0.02602488607004941,0.05705406416388113,0.9130445111401085,-0.215172473752389,-0.20508603622634117,0.009134786817068051,0.11622881976765558,0.8982149281816815,-0.2890572454986591,-0.31250609133739715,0.012794188389946738,0.028572396277319483,-0.09593798824876006,-0.04292235205377023,0.06173880034418051,0.06185599936394458,0.015710529504660786,-0.002847118014083373,0.010631379884536484,0.011623293410608797,0.010474312987994764,0.024426594120122387,0.01499018663481762,0.012068069269662226,0.0123508565019754,0.06694100816485514,,-0.2326831109834657,-0.007174310857654964,-0.01930952775876456,-0.006067552020495467
temperature_2m_max,-0.05926841812438073,0.004218672643898226,0.0008675122582154012,-0.0005353645017799795,-0.10975210549927204,0.008494152439204058,-0.12406538991818614,0.0018617889020795394,0.00490967596682558,0.0031164987852127543,0.9309951246131914,1.0,0.7824442339067971,-0.08346070353677175,-0.08346070353677175,-0.13318904972451567,-0.16549449833979907,-0.04626119220522547,-0.22490618300433704,-0.09182782909810795,-0.09182782909810795,-0.21661117771901653,-0.11655830327918826,0.8427414853967693,-0.0770616481032457,-0.05013203607534414,0.7990241577494605,-0.3164303023155298,-0.2435743343873974,-0.039346293944751046,0.013331471203541381,0.7817043403530465,-0.37710453881192013,-0.32134126589574047,0.014886188824413712,0.016102105357690733,-0.11221960106743986,-0.07720226768297644,0.040800583291273354,0.0412233634652746,0.014437655070925466,-0.0015178962234856147,0.004845297343413753,0.00537065861333093,0.004048734710772028,0.08256319834922642,0.009660425769608868,0.005869151708462473,0.005624545680839747,0.03975478321579916,,-0.19054900866012187,-0.014343052295069325,-0.01300740513980258,-0.014989927538046077
temperature_2m_min,-0.017458738293373348,-0.0013429228273382477,-0.007021797686462352,-0.002914044940487603,-0.03130722118525238,0.002601885617397176,-0.030180463222637312,-0.1257168182445844,-0.12372829127624022,-0.13267964196604107,0.9501646292319766,0.7824442339067971,1.0,0.05779990596053723,0.05779990596053723,0.15441171704924672,0.029561128931751435,0.05785669293290645,-0.22016162912976722,0.019802105846630214,0.019802105846630214,-0.005578384195371346,0.006269842190113628,0.9279259794588114,0.019288648224892378,0.13441168176640464,0.9099925175060938,-0.1176111446628039,-0.16068864619803755,0.048560689454883746,0.182368203606154,0.895035610000929,-0.19395459201365797,-0.27914697433706365,0.009109859458592615,0.03375667258391593,-0.07181665633200984,-0.011503024409951301,0.07007789264981502,0.06990674409417175,0.014151401683801985,-0.004175130432688994,0.013204595685737426,0.014380066086774623,0.01354718684799642,-0.024522824083911293,0.016703522309122247,0.014699821472783398,0.015298801027199178,0.07849943719416527,,-0.24159733316829926,-0.0013624202311911236,-0.02299739880565276,0.0025544845906826925
precipitation_sum,0.021796534484808328,-0.0012267379461543943,-0.0029613083760619266,0.000454093155698551,0.019168361345274627,-0.004045694694945632,0.023575698167798902,-0.05926405033396515,-0.04187447798479238,-0.04608074661175641,-0.01527750207727268,-0.08346070353677175,0.05779990596053723,1.0,1.0,0.6017792465662022,-0.014178780192077209,0.06162570778950151,0.11650078855504174,0.3381513255820109,0.3381513255820109,-0.05925703186589464,-0.01711276367547902,0.07212810055952525,0.269702650417842,0.24012029711764063,0.08509692932204196,-0.06740309646752343,-0.03911758216327266,0.257767214829684,0.21902033403490048,0.08549430545421129,-0.08209102152950455,-0.06144444692707126,-0.0054012330423678,0.002168933829480407,0.05104735318991603,0.04792589124951571,0.016768791990741643,0.017057659196095035,-0.0038284253526146197,-0.0022566345570321196,0.0008927534491652284,0.001036133667078599,0.002107893956187278,-0.07928044354329981,-8.268001694277909e-05,0.0008379602679561758,0.0007100481257455193,0.0019521143361234253,,-0.1074061601438828,0.018789200758684923,8.542313340456162e-06,0.017894335068366195
rain_sum,0.021796534484808328,-0.0012267379461543943,-0.0029613083760619266,0.000454093155698551,0.019168361345274627,-0.004045694694945632,0.023575698167798902,-0.05926405033396515,-0.04187447798479238,-0.04608074661175641,-0.01527750207727268,-0.08346070353677175,0.05779990596053723,1.0,1.0,0.6017792465662022,-0.014178780192077209,0.06162570778950151,0.11650078855504174,0.3381513255820109,0.3381513255820109,-0.05925703186589464,-0.01711276367547902,0.07212810055952525,0.269702650417842,0.24012029711764063,0.08509692932204196,-0.06740309646752343,-0.03911758216327266,0.257767214829684,0.21902033403490048,0.08549430545421129,-0.08209102152950455,-0.06144444692707126,-0.0054012330423678,0.002168933829480407,0.05104735318991603,0.04792589124951571,0.016768791990741643,0.017057659196095035,-0.0038284253526146197,-0.0022566345570321196,0.0008927534491652284,0.001036133667078599,0.002107893956187278,-0.07928044354329981,-8.268001694277909e-05,0.0008379602679561758,0.0007100481257455193,0.0019521143361234253,,-0.1074061601438828,0.018789200758684923,8.542313340456162e-06,0.017894335068366195
precipitation_hours,0.017901269399688353,-0.0016384622206166558,-0.0058271357916969005,-0.00034017470033581733,0.02900495355280628,-0.002128042734583149,0.0344656836800147,-0.13933190264981601,-0.12476906689505757,-0.13313974790747166,0.018732496638218864,-0.13318904972451567,0.15441171704924672,0.6017792465662022,0.6017792465662022,1.0,-0.06291945908928427,0.006834143066051444,0.13406715063774066,0.3708354164880084,0.3708354164880084,-0.07288282111758884,-0.02343503899476951,0.13061688168973729,0.3248125889278815,0.4801780032149207,0.16664834756449456,-0.09865869061267346,-0.06982027145795247,0.31619030553758937,0.4448714038132787,0.17561069248234734,-0.12159627345887888,-0.11112131102925485,-0.007088728278191799,0.01601617079226228,0.08121914074921628,0.08786597452549146,0.02955788841898696,0.02972946052384541,-0.001664931923135949,-0.0006108360251723674,0.008225988774725121,0.008247117691015094,0.010241509776969993,-0.14192451940787296,0.007543077799963654,0.008656239105781909,0.009180980714085112,0.013853353052245878,,-0.14828014487577187,0.010115345898740575,-0.0025506195659197343,0.010975680782100108
wind_speed_10m_max,0.005309429030218469,-0.013165235374962055,-0.0018187222972872428,-0.012726979086165019,0.005450837671482359,-0.012508371070905855,0.0068863880345892865,-0.08374127707846404,-0.08116582360384533,-0.08511111747048063,-0.06126765295750401,-0.16549449833979907,0.029561128931751435,-0.014178780192077209,-0.014178780192077209,-0.06291945908928427,1.0,0.8749287513834975,-0.008360735262709232,-0.06276923335369036,-0.06276923335369036,0.7257459041368668,0.5788047175332537,-0.03109360017568679,-0.11537485825240926,-0.13468901053379484,-0.03387143293513099,0.677515632759618,0.5036866881115483,-0.17632997029707195,-0.18989453670067463,-0.043200128274630184,0.6400731737525156,0.4505666381216252,0.031056865140603507,0.03457115384569744,-0.09059381374857742,-0.0075820323649992884,0.0018095905550683817,0.0006052619492264972,0.005824684821621149,0.0005811692282624634,0.01858008499077459,0.018998406845400745,0.018856679913104774,0.04569442140537818,0.021026080753444816,0.01853318429041322,0.0194233621119733,0.08597470720606017,,0.18251821338880578,0.007798259015350751,-0.015477498529800729,-0.00018794296667040783
wind_gusts_10m_max,-0.02112391359291616,-0.0076554017554197416,-0.0009095439360488899,-0.009340220798632082,-0.04493609336830763,-0.004157799522250697,-0.056330848334523856,-0.09225707749304961,-0.08152636829397392,-0.08651398054146266,0.010239454250560305,-0.04626119220522547,0.05785669293290645,0.06162570778950151,0.06162570778950151,0.006834143066051444,0.8749287513834975,1.0,0.016225773271666605,-0.02323729959004556,-0.02323729959004556,0.5799331976486338,0.5789150729560959,0.05628012698182908,-0.07745768955498332,-0.10438029833255844,0.0548112415801869,0.5100837635796762,0.4825803081826547,-0.13826913361699494,-0.16701483326567812,0.04472115117168618,0.45111495049313693,0.4054767405530051,0.02546501534396494,0.031160952164734947,-0.0885328997318572,-0.019792928165624737,3.058213944434569e-05,-0.0008872895609280814,0.007499655261332064,0.001739514114509039,0.015024206923919425,0.015541858650132549,0.01533984804858872,0.05528578741572122,0.022082573760599727,0.01546938564320119,0.015909160817245825,0.05857577107058757,,0.20477416602454185,0.004795979728393443,-0.01260442933693241,-0.006053855074767537
wind_direction_10m_dominant,0.022515187431561362,0.003041753768655803,0.0022488348890007492,0.004891923594700815,0.04546995501022581,-0.0001981063593954686,0.05383797157716799,0.0957383693383837,0.09289832858614923,0.09806580742859644,-0.2439788312261103,-0.22490618300433704,-0.22016162912976722,0.11650078855504174,0.11650078855504174,0.13406715063774066,-0.008360735262709232,0.016225773271666605,1.0,0.08290594582704502,0.08290594582704502,-0.01705321227838316,-0.006360595135087644,-0.15302305116107262,0.06350149071363709,0.005893366550259847,-0.16825163599389928,-0.0022272383011690284,0.006881539975765349,0.05314438541660039,0.0021827555217541687,-0.18626469540551852,0.015140755669816276,0.030442660972043616,0.00038110425801061114,-0.007636409103899499,0.0490684777165478,0.042126447285950025,0.0002535175063881517,-0.00011012693624697216,0.002347463360781879,-0.002319560355605925,-0.0036908368005587285,-0.0032831872546202133,-0.0028539471541826887,-0.03518066656755295,-0.0010023046023829702,-0.003430576843010804,-0.0030928850982745552,-0.015046959084449175,,-0.0030007082100989998,-0.001309945110880177,0.0016635926249292383,-0.004507762818398599
rain_sum_prev_1d,0.017148929748388837,-0.0013281258831846303,-0.0030334862468932673,-2.119651491956723e-05,0.035262200337094485,-0.0031855073925047004,0.040535667296239565,-0.05545285626856113,-0.05738907970258684,-0.047671968077750815,-0.03513384118540408,-0.09182782909810795,0.019802105846630214,0.3381513255820109,0.3381513255820109,0.3708354164880084,-0.06276923335369036,-0.02323729959004556,0.08290594582704502,1.0,1.0,-0.00463647369152022,0.06666015157574426,-0.01815932579491568,0.6831374222470602,0.4255487093124352,0.047439082432689794,-0.019440388082784657,0.037492139222723105,0.4941942318122092,0.3209050482094938,0.0684569208273923,-0.040561470402235685,-0.005941883165666111,-0.007259044486527333,0.00019597510186000994,0.05166467790738488,0.05393895563627886,0.013078038561238781,0.01300100642814908,-0.0030507654558477692,-0.0031146363957187803,-0.0008853235446307746,-0.0007258499081126883,-0.0015945301564470955,-0.08311835649829019,-7.95591431762038e-05,-0.0008991508229214909,-0.0005276266142554675,0.0024888522097374637,,-0.1087887483338583,0.0029792235875494913,0.006777839055040699,0.011645620919034561
precipitation_sum_prev_1d,0.017148929748388837,-0.0013281258831846303,-0.0030334862468932673,-2.119651491956723e-05,0.035262200337094485,-0.0031855073925047004,0.040535667296239565,-0.05545285626856113,-0.05738907970258684,-0.047671968077750815,-0.03513384118540408,-0.09182782909810795,0.019802105846630214,0.3381513255820109,0.3381513255820109,0.3708354164880084,-0.06276923335369036,-0.02323729959004556,0.08290594582704502,1.0,1.0,-0.00463647369152022,0.06666015157574426,-0.01815932579491568,0.6831374222470602,0.4255487093124352,0.047439082432689794,-0.019440388082784657,0.037492139222723105,0.4941942318122092,0.3209050482094938,0.0684569208273923,-0.040561470402235685,-0.005941883165666111,-0.007259044486527333,0.00019597510186000994,0.05166467790738488,0.05393895563627886,0.013078038561238781,0.01300100642814908,-0.0030507654558477692,-0.0031146363957187803,-0.0008853235446307746,-0.0007258499081126883,-0.0015945301564470955,-0.08311835649829019,-7.95591431762038e-05,-0.0008991508229214909,-0.0005276266142554675,0.0024888522097374637,,-0.1087887483338583,0.0029792235875494913,0.006777839055040699,0.011645620919034561
wind_speed_10m_max_prev_1d,0.003165784204977752,-0.015228804841476212,0.0008290900088856102,-0.014887171587318278,0.007899918475136478,-0.014859541664167886,0.009955821793368323,-0.09457937275353752,-0.09273776515433105,-0.09059276691297946,-0.10452114184863737,-0.21661117771901653,-0.005578384195371346,-0.05925703186589464,-0.05925703186589464,-0.07288282111758884,0.7257459041368668,0.5799331976486338,-0.01705321227838316,-0.00463647369152022,-0.00463647369152022,1.0,0.8762427319391535,-0.06471609986182147,-0.06624372452082272,-0.10812915864837716,-0.04614473286514554,0.8305034665982649,0.6826724111657992,-0.14409174418050782,-0.16941278126478201,-0.04897337247430289,0.722215987271384,0.5486344661897616,0.030825610018479374,0.03382519062180933,-0.08707259907545888,0.001416972760178748,0.0033747291890298173,0.0019661699875576336,0.0072669786333100774,0.00045472216900574946,0.018535240359188007,0.018943801029026656,0.01949184639058409,0.035528675168363964,0.019968437721139074,0.018610708478674774,0.019062487314914712,0.08169805572093362,,0.1808582472813241,0.021356024003736807,-0.01308899906329063,0.018606146968893473
wind_gusts_10m_max_prev_1d,-0.02256361074386655,-0.010200127335006613,0.0008199766071172134,-0.01194675385731367,-0.04101773492655534,-0.0071535265931091906,-0.051973918815890655,-0.10354766553047322,-0.0976484658792763,-0.09331762184957407,-0.050186403516441096,-0.11655830327918826,0.006269842190113628,-0.01711276367547902,-0.01711276367547902,-0.02343503899476951,0.5788047175332537,0.5789150729560959,-0.006360595135087644,0.06666015157574426,0.06666015157574426,0.8762427319391535,1.0,0.005566371050889962,-0.005118405259057846,-0.05802003865717284,0.03618997701560188,0.6860139938701978,0.7361048763670026,-0.09072303264408499,-0.1327404496856589,0.03620617260385371,0.5505030832939828,0.5482015730990596,0.024885214630532233,0.029107096580750006,-0.08440823992939835,-0.010270831054592597,0.0033958072813485302,0.0022127831306481354,0.010273857888072517,0.0016021871458735185,0.015156202409855659,0.015480194054136318,0.015972215299499444,0.04296589348493584,0.020447062004920316,0.015348122054948034,0.015644147872748187,0.052941848086639154,,0.20130111922888752,0.022151609888638506,-0.008951673487946166,0.021098201031537006
temperature_2m_mean_prev_1d,-0.03789920659682467,0.002749769554886402,-0.0030050679724376015,-0.0003806879812011525,-0.07024030547804672,0.00536283579293631,-0.07708775636034618,-0.07292129503044643,-0.0668786850932552,-0.07233358410802812,0.9425666553250277,0.8427414853967693,0.9279259794588114,0.07212810055952525,0.07212810055952525,0.13061688168973729,-0.03109360017568679,0.05628012698182908,-0.15302305116107262,-0.01815932579491568,-0.01815932579491568,-0.06471609986182147,0.005566371050889962,1.0,-0.0422714313745454,0.02381773031652351,0.9660344282414152,-0.20263922163334006,-0.18537932186271383,-0.0075444354001229785,0.09250973714792861,0.9271453990430294,-0.29057606828604765,-0.314510417942907,0.011847160942419041,0.02878245734826885,-0.0968432105348229,-0.04277356993698143,0.06061392255441467,0.06065036984232629,0.015520702010943233,-0.0021976782121237723,0.01125822185700415,0.01245435469825714,0.01191801889666432,0.026860813432658517,0.015570915904640681,0.012897028430108294,0.01294045502405733,0.06650076034349468,,-0.2366984232044897,-0.0005459891058381289,-0.021954516290389487,-0.0012414827256795522
rain_sum_prev_3d,0.02168743659089096,-0.0035804241050809683,-0.005768957108751112,-0.001967650300871255,0.036978884769262525,-0.003457432188738287,0.04741762171218881,-0.07202303264892956,-0.0772963544378621,-0.07201790951807246,-0.02602488607004941,-0.0770616481032457,0.019288648224892378,0.269702650417842,0.269702650417842,0.3248125889278815,-0.11537485825240926,-0.07745768955498332,0.06350149071363709,0.6831374222470602,0.6831374222470602,-0.06624372452082272,-0.005118405259057846,-0.0422714313745454,1.0,0.6640937920852216,0.0013097814611836571,-0.019011062967068136,0.06501702426245501,0.7505968791261091,0.5084789850800029,0.0634354718775281,-0.04485729586596564,0.00812520020734391,-0.010257961634751258,-0.0008673220750308679,0.07401766829253001,0.07002498503899335,0.01594169902126424,0.016241282230075354,-0.005208370454104299,-0.001169789437145148,-0.0012008328911536626,-0.0009697430127484858,-0.0013151044156354443,-0.11833359882286791,-0.0007981946162247372,-0.0010693396316089788,-0.0010170758671124277,0.0026681840269725215,,-0.15160391995312847,-0.00015426193673221485,0.008459811531781802,0.008829691092133274
precipitation_hours_prev_3d,0.022460572789411788,-0.002956733189551498,-0.010882334189186865,-0.0014125609660475093,0.03939240930058176,-0.0009841234101889895,0.049955881431597536,-0.16322830833429583,-0.16792962981741127,-0.17009470160444784,0.05705406416388113,-0.05013203607534414,0.13441168176640464,0.24012029711764063,0.24012029711764063,0.4801780032149207,-0.13468901053379484,-0.10438029833255844,0.005893366550259847,0.4255487093124352,0.4255487093124352,-0.10812915864837716,-0.05802003865717284,0.02381773031652351,0.6640937920852216,1.0,0.06469884948032242,-0.09031458919226021,-0.028468637523895918,0.5829332774191696,0.8168340556035952,0.14749230363487886,-0.11794538950528785,-0.08857571783816667,-0.009133250550918303,0.016919432149046135,0.10845668485614461,0.1051891132531289,0.03858692441751372,0.038856913200230894,-0.0034472719434295728,0.0011851180129313723,0.00820384210422427,0.008654380248434087,0.009485268471041149,-0.18484824739413735,0.010036815424399685,0.009169604499983204,0.010048042927066186,0.0153193607151535,,-0.18154471366169328,0.0023579609011901304,0.0048179838036445845,0.008040467173744117
temperature_2m_mean_prev_3d,-0.03857074351165416,0.0028231451443331756,-0.00345840276277084,-0.0003729003640656181,-0.07106022429460368,0.004442787963265954,-0.0781531671823519,-0.0800391219823743,-0.07380576858442273,-0.07552649203336942,0.9130445111401085,0.7990241577494605,0.9099925175060938,0.08509692932204196,0.08509692932204196,0.16664834756449456,-0.03387143293513099,0.0548112415801869,-0.16825163599389928,0.047439082432689794,0.047439082432689794,-0.04614473286514554,0.03618997701560188,0.9660344282414152,0.0013097814611836571,0.06469884948032242,1.0,-0.17306158966890584,-0.13813177685964134,0.0023242827846667734,0.09987470687074769,0.9681306928406276,-0.2877457762865472,-0.3080612683579788,0.012265336342967944,0.030528400927410302,-0.0988704770082451,-0.041495663959498254,0.06252603008495895,0.06254286025906805,0.015070804063124794,-0.0023447042307234646,0.01197696076678304,0.01326089230121384,0.012545045957353597,0.02620606380049901,0.015822550618457557,0.013723338891866879,0.01376684448014114,0.06948037698586923,,-0.24783774767877784,0.0025530172752468347,-0.022151539241951453,0.0032667615363822637
wind_speed_10m_max_prev_3d,0.006320661892710164,-0.01824581062331113,0.0024566185029588623,-0.01759691177292379,0.009686588603909377,-0.018567923776431308,0.013324774386547245,-0.04705060915257775,-0.057341947720628596,-0.049329221679978524,-0.215172473752389,-0.3164303023155298,-0.1176111446628039,-0.06740309646752343,-0.06740309646752343,-0.09865869061267346,0.677515632759618,0.5100837635796762,-0.0022272383011690284,-0.019440388082784657,-0.019440388082784657,0.8305034665982649,0.6860139938701978,-0.20263922163334006,-0.019011062967068136,-0.09031458919226021,-0.17306158966890584,1.0,0.8633586212610586,-0.11113329279246201,-0.17282509048404152,-0.15093255215507656,0.8609465625043464,0.7023952695608442,0.035126758783310424,0.02813051541566361,-0.09541250496403188,-0.014358806724674923,-0.005275190304183315,-0.0065228257744997945,0.005472326228790931,0.0013273329588871792,0.016155113744014557,0.016356054598719753,0.016926984436329673,0.06755277787699694,0.015809287298476603,0.015794105491129057,0.016500246476178308,0.0724628972729002,,0.2079103333127618,0.009711994067438333,-0.01157190088246915,0.016524148592913818
wind_gusts_10m_max_prev_3d,-0.02274929846885069,-0.012726023072775676,0.0034413340057602407,-0.014410905806567821,-0.047020196372626694,-0.010921179197479055,-0.057904503201316314,-0.05642448319139547,-0.06377608453819561,-0.05353295971943316,-0.20508603622634117,-0.2435743343873974,-0.16068864619803755,-0.03911758216327266,-0.03911758216327266,-0.06982027145795247,0.5036866881115483,0.4825803081826547,0.006881539975765349,0.037492139222723105,0.037492139222723105,0.6826724111657992,0.7361048763670026,-0.18537932186271383,0.06501702426245501,-0.028468637523895918,-0.13813177685964134,0.8633586212610586,1.0,-0.04182008278941104,-0.13244147751467292,-0.10588924884708818,0.6957026715981284,0.7618322424250669,0.02824284372313397,0.021225825317882804,-0.08946805757057064,-0.024518427075288327,-0.010920489176986271,-0.012051761032733069,0.007882616940617794,0.001747836478070864,0.011614039527551837,0.011654161286693101,0.012244128165344214,0.07356108242729592,0.014986271630471452,0.011424736715076579,0.012067415416208982,0.041164732388915194,,0.24449201975409604,0.005690113715987336,-0.005615990683646819,0.014788383316303924
rain_sum_prev_7d,0.020741523979595073,-0.0020764072974537293,-0.009627299104003595,-0.0006427208124800609,0.0401766754696985,-0.0008133154921439983,0.05540308070702984,-0.08361330901630752,-0.08743077160706957,-0.09448427805511884,0.009134786817068051,-0.039346293944751046,0.048560689454883746,0.257767214829684,0.257767214829684,0.31619030553758937,-0.17632997029707195,-0.13826913361699494,0.05314438541660039,0.4941942318122092,0.4941942318122092,-0.14409174418050782,-0.09072303264408499,-0.0075444354001229785,0.7505968791261091,0.5829332774191696,0.0023242827846667734,-0.11113329279246201,-0.04182008278941104,1.0,0.6959749209214119,0.039745362711307616,-0.07017137690557533,0.0010835976879268383,-0.013071933570379791,-0.0012871352891039942,0.09824697111858194,0.08675623378079382,0.02248308473887255,0.022618932649908753,-0.003676877690911988,-0.00460122432436527,-0.001531330619127606,-0.0013088924081175383,-0.0017023966489501505,-0.15647397346815814,-0.0028672448143798215,-0.001345769955460051,-0.0007167497507306165,0.0006362964982148747,,-0.2007845768517205,0.004939670481828254,0.009833005591553493,0.006515524403550383
precipitation_hours_prev_7d,0.02348204247155698,-0.001025052103053985,-0.013385522280578084,0.0005300465569004375,0.04348716083772785,-0.0009561933080638028,0.058453221682975655,-0.18283132353689288,-0.18723076607559852,-0.20331109423401397,0.11622881976765558,0.013331471203541381,0.182368203606154,0.21902033403490048,0.21902033403490048,0.4448714038132787,-0.18989453670067463,-0.16701483326567812,0.0021827555217541687,0.3209050482094938,0.3209050482094938,-0.16941278126478201,-0.1327404496856589,0.09250973714792861,0.5084789850800029,0.8168340556035952,0.09987470687074769,-0.17282509048404152,-0.13244147751467292,0.6959749209214119,1.0,0.13721335638220034,-0.16328521121778122,-0.1304340261876462,-0.010263600247125963,0.0203186197654415,0.13163413456911469,0.12365512786295724,0.04547215927479835,0.045799408394527626,-0.0021130778220636768,0.002928396752860945,0.011934094751206516,0.012414960066826426,0.012626728808269292,-0.2235452678728938,0.012924759802631908,0.012977659438532371,0.014500701191900861,0.01465939611404034,,-0.2194193525790438,0.0070446877092756105,0.0071316699948372544,0.008470051580466213
temperature_2m_mean_prev_7d,-0.03956652293758955,0.001318130678487437,-0.0022900339341290752,-0.0019220477317267533,-0.0733416618602659,0.003758495973692433,-0.08011263365472404,-0.08228877491101914,-0.07782506348109763,-0.07946293643204466,0.8982149281816815,0.7817043403530465,0.895035610000929,0.08549430545421129,0.08549430545421129,0.17561069248234734,-0.043200128274630184,0.04472115117168618,-0.18626469540551852,0.0684569208273923,0.0684569208273923,-0.04897337247430289,0.03620617260385371,0.9271453990430294,0.0634354718775281,0.14749230363487886,0.9681306928406276,-0.15093255215507656,-0.10588924884708818,0.039745362711307616,0.13721335638220034,1.0,-0.27068196696458685,-0.2792830473359215,0.012274676924794295,0.031569464441345826,-0.10124266421011367,-0.042325364562308745,0.06440879789970366,0.06431104814572944,0.01499537148142585,-0.0030917592499943814,0.011821906057218355,0.013116196192687031,0.012650460628478417,0.026311009768356316,0.01629210093685343,0.01358006181153251,0.01355955554922306,0.07157624416117545,,-0.26529114060491504,-0.0017369429403604148,-0.021499923414643473,0.0008978207440032568
wind_speed_10m_max_prev_7d,0.008341419610264923,-0.016147137959353342,0.001179666096764026,-0.015377119242286671,0.014745240680681362,-0.016859462901170987,0.019819993765365092,-0.020572753679152535,-0.030629382223802702,-0.03303563787543362,-0.2890572454986591,-0.37710453881192013,-0.19395459201365797,-0.08209102152950455,-0.08209102152950455,-0.12159627345887888,0.6400731737525156,0.45111495049313693,0.015140755669816276,-0.040561470402235685,-0.040561470402235685,0.722215987271384,0.5505030832939828,-0.29057606828604765,-0.04485729586596564,-0.11794538950528785,-0.2877457762865472,0.8609465625043464,0.6957026715981284,-0.07017137690557533,-0.16328521121778122,-0.27068196696458685,1.0,0.8536155570439147,0.033649385691556594,0.02194834698576877,-0.0941558570990474,-0.023825675517582738,-0.012355954502537167,-0.013493548566384392,0.0024045390085935146,0.001582997885702982,0.013218188389517148,0.013536090142722697,0.014270495115143908,0.08606876300978133,0.011122742679137413,0.012802834387793003,0.013468133542906192,0.06339286687229373,,0.23099299361781253,-0.002476684973441073,-0.012114896693373674,-0.0024849376776204884
wind_gusts_10m_max_prev_7d,-0.02065403441053222,-0.010262776469903367,0.0027404093091452936,-0.011807739074210975,-0.041715835931092404,-0.008524066606616731,-0.05307353692100341,-0.023840954713452624,-0.03193463970916079,-0.03586111103100104,-0.31250609133739715,-0.32134126589574047,-0.27914697433706365,-0.06144444692707126,-0.06144444692707126,-0.11112131102925485,0.4505666381216252,0.4054767405530051,0.030442660972043616,-0.005941883165666111,-0.005941883165666111,0.5486344661897616,0.5482015730990596,-0.314510417942907,0.00812520020734391,-0.08857571783816667,-0.3080612683579788,0.7023952695608442,0.7618322424250669,0.0010835976879268383,-0.1304340261876462,-0.2792830473359215,0.8536155570439147,1.0,0.026050263633519515,0.012426213771573363,-0.08561091868511295,-0.03255372474652623,-0.02274605827966513,-0.023650138288920902,0.004063957605697181,0.001732459310049959,0.0071031186262811765,0.007298180067097481,0.008893043267742241,0.09210286435232687,0.008707860815567544,0.00682905029058401,0.007149187691255291,0.027080443733596343,,0.28474366567595205,-0.0054944514622258115,-0.0046613576711588426,-0.004898896112268791
op_abastecimento_bunker,-0.025023918527224465,-0.006376261642072662,-0.004978507011565857,-0.008481494031442932,-0.04221868613370624,0.0009450861743255093,-0.050613697356813245,0.07449098196128345,0.07282037104604983,0.07822750001863792,0.012794188389946738,0.014886188824413712,0.009109859458592615,-0.0054012330423678,-0.0054012330423678,-0.007088728278191799,0.031056865140603507,0.02546501534396494,0.00038110425801061114,-0.007259044486527333,-0.007259044486527333,0.030825610018479374,0.024885214630532233,0.011847160942419041,-0.010257961634751258,-0.009133250550918303,0.012265336342967944,0.035126758783310424,0.02824284372313397,-0.013071933570379791,-0.010263600247125963,0.012274676924794295,0.033649385691556594,0.026050263633519515,1.0,0.20791520560860924,-0.10606613036473067,-0.10716105285685275,0.11530269893723806,0.11801061662161308,0.17585327679873408,0.144300159429859,0.19268286722690278,0.1937709470114228,0.18735552382920323,-0.06764089095636613,0.18054590881972088,0.19562186087205605,0.19323896090517254,0.06926923853830934,,-0.00860985120410461,-0.00040551144806652827,0.005864768272078407,0.0021026118671669093
op_arribada,-0.005354287940857965,-0.001498184422431715,-0.0013191385755651523,-0.0019543997305386256,-0.011245549083209289,-0.0010573314135574568,-0.01374999114778568,-0.033858797855229474,-0.033679382355399724,-0.03595536032460709,0.028572396277319483,0.016102105357690733,0.03375667258391593,0.002168933829480407,0.002168933829480407,0.01601617079226228,0.03457115384569744,0.031160952164734947,-0.007636409103899499,0.00019597510186000994,0.00019597510186000994,0.03382519062180933,0.029107096580750006,0.02878245734826885,-0.0008673220750308679,0.016919432149046135,0.030528400927410302,0.02813051541566361,0.021225825317882804,-0.0012871352891039942,0.0203186197654415,0.031569464441345826,0.02194834698576877,0.012426213771573363,0.20791520560860924,1.0,0.019235026043977203,0.02478088547890034,0.2789374447886612,0.27380367255038,0.3722286898035577,0.44294000161625613,0.6230849475726891,0.6264082111954015,0.6032831024549954,0.04966794145415741,0.46169283865246175,0.6215500937478462,0.6012053237422192,0.2527325532987609,,0.004138745206474899,0.003669810819056036,-0.004402730047058381,0.0022676658427193607
op_carga,0.039426244222400424,-0.043858974973060426,-0.029957829448290427,-0.041251884917515635,0.09587033028937463,-0.02773966158177577,0.1213259613188942,-0.2375436918814652,-0.23041610883878044,-0.2383789562455685,-0.09593798824876006,-0.11221960106743986,-0.07181665633200984,0.05104735318991603,0.05104735318991603,0.08121914074921628,-0.09059381374857742,-0.0885328997318572,0.0490684777165478,0.05166467790738488,0.05166467790738488,-0.08707259907545888,-0.08440823992939835,-0.0968432105348229,0.07401766829253001,0.10845668485614461,-0.0988704770082451,-0.09541250496403188,-0.08946805757057064,0.09824697111858194,0.13163413456911469,-0.10124266421011367,-0.0941558570990474,-0.08561091868511295,-0.10606613036473067,0.019235026043977203,1.0,0.11730475500750841,-0.09873894398045291,-0.09840793449319803,-0.05021978809663549,0.024293817078821556,0.0354747897859531,0.03603820774117199,0.030947201400945167,-0.5638998399265145,0.0049725105868295445,0.03502512526877903,0.03171429646638248,-0.10779168673881918,,0.022618226940293223,0.02392083053623956,0.04015605265728568,0.0344289763378312
op_descarga,-0.006857569204718058,-0.04055267548433384,-0.016571590499456848,-0.04134026511305252,0.07812409835407633,-0.02193607253672266,0.096438631871827,-0.2326513814719476,-0.22569052023246333,-0.23329186226404014,-0.04292235205377023,-0.07720226768297644,-0.011503024409951301,0.04792589124951571,0.04792589124951571,0.08786597452549146,-0.0075820323649992884,-0.019792928165624737,0.042126447285950025,0.05393895563627886,0.05393895563627886,0.001416972760178748,-0.010270831054592597,-0.04277356993698143,0.07002498503899335,0.1051891132531289,-0.041495663959498254,-0.014358806724674923,-0.024518427075288327,0.08675623378079382,0.12365512786295724,-0.042325364562308745,-0.023825675517582738,-0.03255372474652623,-0.10716105285685275,0.02478088547890034,0.11730475500750841,1.0,-0.0856927731393662,-0.08548165956445149,-0.04513080985651378,0.02803119319316839,0.039973091025352334,0.04052653881342827,0.03553092441563115,-0.5130483587656289,0.010289799238585676,0.03915578918225959,0.035907924926397404,-0.07646583225090149,,0.014012333015015258,0.030737962187783748,0.04472849791013253,0.03812796142993936
op_desembarque_passageiros,-0.019599243325328877,-0.0003316564776301646,-0.00502398071797047,-0.002029040836156301,-0.006571932633675217,-0.001247090614075213,-0.004866577622493632,-0.01814332519756393,-0.016421335100900467,-0.01584156117708738,0.06173880034418051,0.040800583291273354,0.07007789264981502,0.016768791990741643,0.016768791990741643,0.02955788841898696,0.0018095905550683817,3.058213944434569e-05,0.0002535175063881517,0.013078038561238781,0.013078038561238781,0.0033747291890298173,0.0033958072813485302,0.06061392255441467,0.01594169902126424,0.03858692441751372,0.06252603008495895,-0.005275190304183315,-0.010920489176986271,0.02248308473887255,0.04547215927479835,0.06440879789970366,-0.012355954502537167,-0.02274605827966513,0.11530269893723806,0.2789374447886612,-0.09873894398045291,-0.0856927731393662,1.0,0.9798955897218997,0.17014986213032948,0.18894840343862493,0.26447192044599827,0.26592616160294313,0.2543379898442037,-0.037575877308438844,0.24079895951194272,0.26944396258054437,0.2673426185544999,0.10805828329769045,,-0.025854548573287218,0.010255587312991367,-0.05791672998473019,0.015192970132952848
op_embarque_passageiros,-0.019491171159936368,0.00021503904002066068,-0.005015261724520716,-0.0014758435722421563,-0.00657078946858781,-0.001283094959750765,-0.004864591854683338,-0.017019255413301418,-0.015598309841416923,-0.014920828231484431,0.06185599936394458,0.0412233634652746,0.06990674409417175,0.017057659196095035,0.017057659196095035,0.02972946052384541,0.0006052619492264972,-0.0008872895609280814,-0.00011012693624697216,0.01300100642814908,0.01300100642814908,0.0019661699875576336,0.0022127831306481354,0.06065036984232629,0.016241282230075354,0.038856913200230894,0.06254286025906805,-0.0065228257744997945,-0.012051761032733069,0.022618932649908753,0.045799408394527626,0.06431104814572944,-0.013493548566384392,-0.023650138288920902,0.11801061662161308,0.27380367255038,-0.09840793449319803,-0.08548165956445149,0.9798955897218997,1.0,0.1698935431361547,0.1892068565564102,0.2648336814304401,0.2662897667216878,0.2546869943407276,-0.03776608374220633,0.243244672012453,0.26981237764515753,0.2677086477624328,0.1086254784860138,,-0.02578162373652469,0.009878012553894191,-0.05743179585895367,0.015070858503441252
op_fundeio,-0.01408886514599738,0.016724459864189238,0.0011626515080169345,0.015549529711165848,-0.023115227149221353,0.008728543367827213,-0.027763570254176535,0.018414619725990303,0.01676737132250569,0.01737061386099264,0.015710529504660786,0.014437655070925466,0.014151401683801985,-0.0038284253526146197,-0.0038284253526146197,-0.001664931923135949,0.005824684821621149,0.007499655261332064,0.002347463360781879,-0.0030507654558477692,-0.0030507654558477692,0.0072669786333100774,0.010273857888072517,0.015520702010943233,-0.005208370454104299,-0.0034472719434295728,0.015070804063124794,0.005472326228790931,0.007882616940617794,-0.003676877690911988,-0.0021130778220636768,0.01499537148142585,0.0024045390085935146,0.004063957605697181,0.17585327679873408,0.3722286898035577,-0.05021978809663549,-0.04513080985651378,0.17014986213032948,0.1698935431361547,1.0,0.2554559561209374,0.3538386310386826,0.3557529345559181,0.34780871353137194,-0.0037112541174612193,0.27314193959735955,0.3566845254114642,0.35224594442384977,0.14939348528430266,,-0.0008883514913613447,-0.00023883161446135024,-0.010432930742373591,0.0020026661797383403
op_fundeio_ship_to_ship,-0.003822310787405196,-0.0011249689371611066,0.001240856283485289,-0.001395815686459974,-0.0038951549025898354,-0.0012439252538225408,-0.004879756684063503,-0.005661156097365571,-0.005434712254563781,-0.005956941793159768,-0.002847118014083373,-0.0015178962234856147,-0.004175130432688994,-0.0022566345570321196,-0.0022566345570321196,-0.0006108360251723674,0.0005811692282624634,0.001739514114509039,-0.002319560355605925,-0.0031146363957187803,-0.0031146363957187803,0.00045472216900574946,0.0016021871458735185,-0.0021976782121237723,-0.001169789437145148,0.0011851180129313723,-0.0023447042307234646,0.0013273329588871792,0.001747836478070864,-0.00460122432436527,0.002928396752860945,-0.0030917592499943814,0.001582997885702982,0.001732459310049959,0.144300159429859,0.44294000161625613,0.024293817078821556,0.02803119319316839,0.18894840343862493,0.1892068565564102,0.2554559561209374,1.0,0.7069033409347287,0.7106586372240972,0.677212656754913,0.04345584364651,0.5190532672054349,0.7013801765766285,0.6750649670073668,0.17776240327478726,,0.010246646758258366,0.0037984735137313913,0.000789390514902124,0.004842087518123008
op_navio_estado_com_operacao_comercial,0.00015390006100589863,-0.00044334456911428194,0.00013879586320636328,-0.0004255808121863114,-0.005826712759805588,-0.002019377263879481,-0.006963685427527303,-0.01656510547072481,-0.016999839001115263,-0.018020135826535822,0.010631379884536484,0.004845297343413753,0.013204595685737426,0.0008927534491652284,0.0008927534491652284,0.008225988774725121,0.01858008499077459,0.015024206923919425,-0.0036908368005587285,-0.0008853235446307746,-0.0008853235446307746,0.018535240359188007,0.015156202409855659,0.01125822185700415,-0.0012008328911536626,0.00820384210422427,0.01197696076678304,0.016155113744014557,0.011614039527551837,-0.001531330619127606,0.011934094751206516,0.011821906057218355,0.013218188389517148,0.0071031186262811765,0.19268286722690278,0.6230849475726891,0.0354747897859531,0.039973091025352334,0.26447192044599827,0.2648336814304401,0.3538386310386826,0.7069033409347287,1.0,0.9947158987098886,0.947901201996619,0.05862528388773536,0.7265237870269359,0.98172873820611,0.9497695384812599,0.24875779759934916,,0.004488797690388645,0.005591243388559715,-0.0016980045809836131,0.004298521723657105
op_navio_estado_marinha_brasil,0.0002173780609852071,-0.0004714258266682701,0.00015570462528781057,-0.0004480211377173091,-0.005737066466556388,-0.0020541451065773622,-0.00685092200238703,-0.016298179764132326,-0.01675673761566994,-0.017760014275898253,0.011623293410608797,0.00537065861333093,0.014380066086774623,0.001036133667078599,0.001036133667078599,0.008247117691015094,0.018998406845400745,0.015541858650132549,-0.0032831872546202133,-0.0007258499081126883,-0.0007258499081126883,0.018943801029026656,0.015480194054136318,0.01245435469825714,-0.0009697430127484858,0.008654380248434087,0.01326089230121384,0.016356054598719753,0.011654161286693101,-0.0013088924081175383,0.012414960066826426,0.013116196192687031,0.013536090142722697,0.007298180067097481,0.1937709470114228,0.6264082111954015,0.03603820774117199,0.04052653881342827,0.26592616160294313,0.2662897667216878,0.3557529345559181,0.7106586372240972,0.9947158987098886,1.0,0.9529379768506605,0.059165844351415996,0.7303922208657586,0.9869442204460303,0.9548161038789098,0.25013152422995916,,0.0043669901834366386,0.005899394510987257,-0.001766319478308452,0.0045504354767782395
op_navio_estado_sem_operacao_comercial,-0.00035608186413746087,-0.00010107990395482514,1.9605490514293422e-06,-0.00012917034706862404,-0.004399480815674892,-0.0019932014588792124,-0.004951672152917341,-0.017565224747476113,-0.01776985388230982,-0.018908660120705127,0.010474312987994764,0.004048734710772028,0.01354718684799642,0.002107893956187278,0.002107893956187278,0.010241509776969993,0.018856679913104774,0.01533984804858872,-0.0028539471541826887,-0.0015945301564470955,-0.0015945301564470955,0.01949184639058409,0.015972215299499444,0.01191801889666432,-0.0013151044156354443,0.009485268471041149,0.012545045957353597,0.016926984436329673,0.012244128165344214,-0.0017023966489501505,0.012626728808269292,0.012650460628478417,0.014270495115143908,0.008893043267742241,0.18735552382920323,0.6032831024549954,0.030947201400945167,0.03553092441563115,0.2543379898442037,0.2546869943407276,0.34780871353137194,0.677212656754913,0.947901201996619,0.9529379768506605,1.0,0.055989676077242416,0.6996487941498435,0.9455033969816402,0.9147427857408589,0.24050357944092515,,0.00540184847464715,0.005593747462766593,-0.0018023714351595582,0.004790856391091281
op_offshore,-0.0669603121556271,0.028698294530265827,0.039109932625825974,0.02417636180744821,-0.12302330926157298,0.023708005112271117,-0.1514531424334918,0.4394466832785111,0.4329475483899545,0.4504582350017285,0.024426594120122387,0.08256319834922642,-0.024522824083911293,-0.07928044354329981,-0.07928044354329981,-0.14192451940787296,0.04569442140537818,0.05528578741572122,-0.03518066656755295,-0.08311835649829019,-0.08311835649829019,0.035528675168363964,0.04296589348493584,0.026860813432658517,-0.11833359882286791,-0.18484824739413735,0.02620606380049901,0.06755277787699694,0.07356108242729592,-0.15647397346815814,-0.2235452678728938,0.026311009768356316,0.08606876300978133,0.09210286435232687,-0.06764089095636613,0.04966794145415741,-0.5638998399265145,-0.5130483587656289,-0.037575877308438844,-0.03776608374220633,-0.0037112541174612193,0.04345584364651,0.05862528388773536,0.059165844351415996,0.055989676077242416,1.0,0.03238044597949655,0.058699396017269215,0.05630663361150729,-0.032454895375169934,,-0.009190858198782379,-0.04015487239448351,-0.05254819450357254,-0.05739542169309047
op_reparo_manutencao,0.0025409167722599017,0.008433648471968638,0.005003736256562923,0.008725875414559768,-0.007639550583103477,-0.0008874054287153286,-0.00945738424427048,-0.01537341666464444,-0.016586741831443614,-0.0171721936020796,0.01499018663481762,0.009660425769608868,0.016703522309122247,-8.268001694277909e-05,-8.268001694277909e-05,0.007543077799963654,0.021026080753444816,0.022082573760599727,-0.0010023046023829702,-7.95591431762038e-05,-7.95591431762038e-05,0.019968437721139074,0.020447062004920316,0.015570915904640681,-0.0007981946162247372,0.010036815424399685,0.015822550618457557,0.015809287298476603,0.014986271630471452,-0.0028672448143798215,0.012924759802631908,0.01629210093685343,0.011122742679137413,0.008707860815567544,0.18054590881972088,0.46169283865246175,0.0049725105868295445,0.010289799238585676,0.24079895951194272,0.243244672012453,0.27314193959735955,0.5190532672054349,0.7265237870269359,0.7303922208657586,0.6996487941498435,0.03238044597949655,1.0,0.7323661781858104,0.7085339455892128,0.18257118816756696,,0.0070330404061840456,0.0026265631621885653,-0.003685355096759557,0.0015518498685253039
op_retirada_residuos_com_operacao_comercial,5.9930809301726665e-05,-0.0005200269236191438,0.00011377012595861081,-0.0005100963866503654,-0.005249108057231317,-0.002064415876090448,-0.0063434022046508455,-0.016725432766715707,-0.017227961146214846,-0.018270567936014812,0.012068069269662226,0.005869151708462473,0.014699821472783398,0.0008379602679561758,0.0008379602679561758,0.008656239105781909,0.01853318429041322,0.01546938564320119,-0.003430576843010804,-0.0008991508229214909,-0.0008991508229214909,0.018610708478674774,0.015348122054948034,0.012897028430108294,-0.0010693396316089788,0.009169604499983204,0.013723338891866879,0.015794105491129057,0.011424736715076579,-0.001345769955460051,0.012977659438532371,0.01358006181153251,0.012802834387793003,0.00682905029058401,0.19562186087205605,0.6215500937478462,0.03502512526877903,0.03915578918225959,0.26944396258054437,0.26981237764515753,0.3566845254114642,0.7013801765766285,0.98172873820611,0.9869442204460303,0.9455033969816402,0.058699396017269215,0.7323661781858104,1.0,0.9574875431612545,0.2508022239689831,,0.0047505116609484555,0.005086610623656607,-0.00179321861882725,0.003925792875988069
op_retirada_residuos_sem_operacao_comercial,-0.00026820618282741,-2.576878465887096e-05,2.5265540372746515e-05,-4.6552163687798e-05,-0.005667678339947118,-0.0020586262034131297,-0.0067243393346528455,-0.017370534880971893,-0.01795772354392222,-0.018937198745717154,0.0123508565019754,0.005624545680839747,0.015298801027199178,0.0007100481257455193,0.0007100481257455193,0.009180980714085112,0.0194233621119733,0.015909160817245825,-0.0030928850982745552,-0.0005276266142554675,-0.0005276266142554675,0.019062487314914712,0.015644147872748187,0.01294045502405733,-0.0010170758671124277,0.010048042927066186,0.01376684448014114,0.016500246476178308,0.012067415416208982,-0.0007167497507306165,0.014500701191900861,0.01355955554922306,0.013468133542906192,0.007149187691255291,0.19323896090517254,0.6012053237422192,0.03171429646638248,0.035907924926397404,0.2673426185544999,0.2677086477624328,0.35224594442384977,0.6750649670073668,0.9497695384812599,0.9548161038789098,0.9147427857408589,0.05630663361150729,0.7085339455892128,0.9574875431612545,1.0,0.243661473129343,,0.005310644137916881,0.0045668866208643626,-0.000799591336897114,0.003033249554534439
op_solicitacao_certificado,-0.0211864062185572,0.08101769425290148,-0.005075111129915901,0.07883585627583484,-0.030862901189267475,0.04451156137796148,-0.03747331490987799,-0.01788395847802813,-0.022775944935074028,-0.023570241067442838,0.06694100816485514,0.03975478321579916,0.07849943719416527,0.0019521143361234253,0.0019521143361234253,0.013853353052245878,0.08597470720606017,0.05857577107058757,-0.015046959084449175,0.0024888522097374637,0.0024888522097374637,0.08169805572093362,0.052941848086639154,0.06650076034349468,0.0026681840269725215,0.0153193607151535,0.06948037698586923,0.0724628972729002,0.041164732388915194,0.0006362964982148747,0.01465939611404034,0.07157624416117545,0.06339286687229373,0.027080443733596343,0.06926923853830934,0.2527325532987609,-0.10779168673881918,-0.07646583225090149,0.10805828329769045,0.1086254784860138,0.14939348528430266,0.17776240327478726,0.24875779759934916,0.25013152422995916,0.24050357944092515,-0.032454895375169934,0.18257118816756696,0.2508022239689831,0.243661473129343,1.0,,-0.04920041655408854,-0.0156703451933934,-0.009526617328046732,-0.01609819512353856
op_tipo_operacao_nao_mapeado,,,,,,,,,,,,,,,,,,,,,,,,,,,,,,,,,,,,,,,,,,,,,,,,,,,,,,,
arrival_month,0.013826735048311199,0.009612592201523657,-0.002672939289173498,0.010613520678530702,0.026739458998824198,0.010024483887895706,0.012350722442911239,-0.02065470984222225,-0.019411266615484882,-0.019114811430242674,-0.2326831109834657,-0.19054900866012187,-0.24159733316829926,-0.1074061601438828,-0.1074061601438828,-0.14828014487577187,0.18251821338880578,0.20477416602454185,-0.0030007082100989998,-0.1087887483338583,-0.1087887483338583,0.1808582472813241,0.20130111922888752,-0.2366984232044897,-0.15160391995312847,-0.18154471366169328,-0.24783774767877784,0.2079103333127618,0.24449201975409604,-0.2007845768517205,-0.2194193525790438,-0.26529114060491504,0.23099299361781253,0.28474366567595205,-0.00860985120410461,0.004138745206474899,0.022618226940293223,0.014012333015015258,-0.025854548573287218,-0.02578162373652469,-0.0008883514913613447,0.010246646758258366,0.004488797690388645,0.0043669901834366386,0.00540184847464715,-0.009190858198782379,0.0070330404061840456,0.0047505116609484555,0.005310644137916881,-0.04920041655408854,,1.0,0.006009871818674264,0.009206471242154037,0.004926773736901525
arrival_dayofweek,0.0047002379062380095,-0.0007286198833437281,0.0020944995065340553,-0.00029576990853908926,0.0015852760128218396,-0.0018068413136641268,0.004489719279725756,-0.06669010553598674,-0.009140596105206785,-0.017115726452413,-0.007174310857654964,-0.014343052295069325,-0.0013624202311911236,0.018789200758684923,0.018789200758684923,0.010115345898740575,0.007798259015350751,0.004795979728393443,-0.001309945110880177,0.0029792235875494913,0.0029792235875494913,0.021356024003736807,0.022151609888638506,-0.0005459891058381289,-0.00015426193673221485,0.0023579609011901304,0.0025530172752468347,0.009711994067438333,0.005690113715987336,0.004939670481828254,0.0070446877092756105,-0.0017369429403604148,-0.002476684973441073,-0.0054944514622258115,-0.00040551144806652827,0.003669810819056036,0.02392083053623956,0.030737962187783748,0.010255587312991367,0.009878012553894191,-0.00023883161446135024,0.0037984735137313913,0.005591243388559715,0.005899394510987257,0.005593747462766593,-0.04015487239448351,0.0026265631621885653,0.005086610623656607,0.0045668866208643626,-0.0156703451933934,,0.006009871818674264,1.0,0.007226497160122507,0.7781769829404738
arrival_hour,0.000997045356537489,0.0071998322526360395,0.0005068568431252754,0.007261051867497922,0.0014759231923687363,-0.00046167145818275577,0.003301220620620799,-0.009045382172438396,-0.008190742035451002,-0.0074111288510451635,-0.01930952775876456,-0.01300740513980258,-0.02299739880565276,8.542313340456162e-06,8.542313340456162e-06,-0.0025506195659197343,-0.015477498529800729,-0.01260442933693241,0.0016635926249292383,0.006777839055040699,0.006777839055040699,-0.01308899906329063,-0.008951673487946166,-0.021954516290389487,0.008459811531781802,0.0048179838036445845,-0.022151539241951453,-0.01157190088246915,-0.005615990683646819,0.009833005591553493,0.0071316699948372544,-0.021499923414643473,-0.012114896693373674,-0.0046613576711588426,0.005864768272078407,-0.004402730047058381,0.04015605265728568,0.04472849791013253,-0.05791672998473019,-0.05743179585895367,-0.010432930742373591,0.000789390514902124,-0.0016980045809836131,-0.001766319478308452,-0.0018023714351595582,-0.05254819450357254,-0.003685355096759557,-0.00179321861882725,-0.000799591336897114,-0.009526617328046732,,0.009206471242154037,0.007226497160122507,1.0,0.009944402768241302
arrival_is_weekend,0.007110247988397069,-0.0022087174193336258,0.003360506035757474,-0.0015442835075762662,0.004997985294939555,-0.004250513647698926,0.010109715096536563,-0.0827546474125254,-0.04880971727195619,-0.020156434368576337,-0.006067552020495467,-0.014989927538046077,0.0025544845906826925,0.017894335068366195,0.017894335068366195,0.010975680782100108,-0.00018794296667040783,-0.006053855074767537,-0.004507762818398599,0.011645620919034561,0.011645620919034561,0.018606146968893473,0.021098201031537006,-0.0012414827256795522,0.008829691092133274,0.008040467173744117,0.0032667615363822637,0.016524148592913818,0.014788383316303924,0.006515524403550383,0.008470051580466213,0.0008978207440032568,-0.0024849376776204884,-0.004898896112268791,0.0021026118671669093,0.0022676658427193607,0.0344289763378312,0.03812796142993936,0.015192970132952848,0.015070858503441252,0.0020026661797383403,0.004842087518123008,0.004298521723657105,0.0045504354767782395,0.004790856391091281,-0.05739542169309047,0.0015518498685253039,0.003925792875988069,0.003033249554534439,-0.01609819512353856,,0.004926773736901525,0.7781769829404738,0.009944402768241302,1.0
