operation_flag,target,n_true,pct_true,median_true,median_false,median_diff,mean_true,mean_false,mean_diff,corr,abs_median_diff,abs_corr
op_reparo_manutencao,t_operation_h,352,0.2480707565453328,99.775,35.38333333333333,64.39166666666668,233.5828125,99.3430372160168,134.2397752839832,0.008433648471968615,64.39166666666668,0.008433648471968615
op_navio_estado_marinha_brasil,t_operation_h,188,0.1324923358821664,77.79166666666666,35.416666666666664,42.37499999999999,89.4279255319149,99.68964283109985,-10.261717299184951,-0.00047142582666826843,42.37499999999999,0.00047142582666826843
op_navio_estado_com_operacao_comercial,t_operation_h,190,0.13390182881708304,77.79166666666666,35.416666666666664,42.37499999999999,90.08929824561402,99.68890088564271,-9.599602640028692,-0.0004433445691142735,42.37499999999999,0.0004433445691142735
op_navio_estado_sem_operacao_comercial,t_operation_h,207,0.1458825187638747,77.25,35.416666666666664,41.833333333333336,97.58212560386474,99.67910596992452,-2.096980366059782,-0.00010107990395483824,41.833333333333336,0.00010107990395483824
op_retirada_residuos_com_operacao_comercial,t_operation_h,193,0.13601606821945805,76.31666666666666,35.416666666666664,40.9,88.51899827288428,99.69124289000861,-11.172244617124335,-0.0005200269236191324,40.9,0.0005200269236191324
op_retirada_residuos_sem_operacao_comercial,t_operation_h,204,0.14376827936149972,76.15833333333333,35.416666666666664,40.74166666666667,99.13831699346406,99.67682104015074,-0.5385040466866826,-2.5768784658858357e-05,40.74166666666667,2.5768784658858357e-05
op_desembarque_passageiros,t_operation_h,2613,1.8415025194686212,11.666666666666666,35.75,-24.083333333333336,97.75878938640133,99.71201555118392,-1.953226164782592,-0.0003316564776301305,24.083333333333336,0.0003316564776301305
op_embarque_passageiros,t_operation_h,2606,1.8365692941964127,11.75,35.733333333333334,-23.983333333333334,100.92085571757482,99.65275733666455,1.2680983809102742,0.00021503904002069304,23.983333333333334,0.00021503904002069304
op_solicitacao_certificado,t_operation_h,2884,2.032488812149829,17.0,35.56666666666667,-18.56666666666667,545.0460818307905,90.43615085616725,454.60993097462324,0.08101769425290224,18.56666666666667,0.08101769425290224
op_arribada,t_operation_h,463,0.32629761443320765,52.416666666666664,35.40833333333333,17.008333333333333,78.94301655867531,99.74391969285594,-20.80090313418063,-0.001498184422431738,17.008333333333333,0.001498184422431738
op_fundeio,t_operation_h,1472,1.0373868000986644,49.0,35.38333333333333,13.616666666666667,229.0156363224638,98.32022994808541,130.69540637437836,0.01672445986418906,13.616666666666667,0.01672445986418906
op_abastecimento_bunker,t_operation_h,4149,2.9239930934846186,23.25,35.75,-12.5,70.58575560375995,100.55226552253181,-29.966509918771862,-0.006376261642072532,12.5,0.006376261642072532
op_descarga,t_operation_h,62067,43.741498995736286,31.166666666666668,40.225,-9.058333333333334,63.26099618154575,127.98908173406159,-64.72808555251584,-0.04055267548433498,9.058333333333334,0.04055267548433498
op_offshore,t_operation_h,36960,26.047429437259943,29.833333333333332,36.916666666666664,-7.083333333333332,137.96420274170274,86.19026762599069,51.77393511571205,0.02869829453026628,7.083333333333332,0.02869829453026628
op_fundeio_ship_to_ship,t_operation_h,97,0.06836040734345819,39.666666666666664,35.416666666666664,4.25,65.61924398625429,99.69934413743492,-34.08010015118063,-0.0011249689371610994,4.25,0.0011249689371610994
op_carga,t_operation_h,68714,48.42594876493182,35.166666666666664,35.666666666666664,-0.5,63.83759908218607,133.32690019722787,-69.4893011150418,-0.04385897497306047,0.5,0.04385897497306047
op_offshore,t_post_operation_h,36960,26.047429437259943,0.0,0.0,0.0,2.1412008477633475,0.3685772144660981,1.7726236332972494,0.03910993262582628,0.0,0.03910993262582628
op_carga,t_post_operation_h,68714,48.42594876493182,0.0,0.0,0.0,0.21529964781558344,1.4077606664753604,-1.1924610186597768,-0.029957829448290407,0.0,0.029957829448290407
op_descarga,t_post_operation_h,62067,43.741498995736286,0.0,0.0,0.0,0.45644787084924354,1.1209736349818777,-0.6645257641326342,-0.016571590499457077,0.0,0.016571590499457077
op_solicitacao_certificado,t_post_operation_h,2884,2.032488812149829,0.0,0.0,0.0,0.12939204808136848,0.8448415353221448,-0.7154494872407763,-0.00507511112991575,0.0,0.00507511112991575
op_desembarque_passageiros,t_post_operation_h,2613,1.8415025194686212,0.0,0.0,0.0,0.10065059318790662,0.8439886943993721,-0.7433381012114655,-0.005023980717970387,0.0,0.005023980717970387
op_embarque_passageiros,t_post_operation_h,2606,1.8365692941964127,0.0,0.0,0.0,0.10092095165003838,0.8439462795578497,-0.7430253279078114,-0.005015261724520721,0.0,0.005015261724520721
op_reparo_manutencao,t_post_operation_h,352,0.2480707565453328,0.0,0.0,0.0,2.8262784090909094,0.8253363524394237,2.0009420566514855,0.005003736256562887,0.0,0.005003736256562887
op_abastecimento_bunker,t_post_operation_h,4149,2.9239930934846186,0.0,0.0,0.0,0.2596689965453523,0.8474878883355355,-0.5878188917901832,-0.004978507011565886,0.0,0.004978507011565886
op_arribada,t_post_operation_h,463,0.32629761443320765,0.0,0.0,0.0,0.3716702663786897,0.831801501781775,-0.4601312354030853,-0.0013191385755651525,0.0,0.0013191385755651525
op_fundeio_ship_to_ship,t_post_operation_h,97,0.06836040734345819,0.0,0.0,0.0,1.7740549828178696,0.8296545085262134,0.9444004742916562,0.0012408562834852887,0.0,0.0012408562834852887
op_fundeio,t_post_operation_h,1472,1.0373868000986644,0.0,0.0,0.0,1.0561933876811593,0.8279321526150749,0.22826123506608442,0.0011626515080169317,0.0,0.0011626515080169317
op_navio_estado_marinha_brasil,t_post_operation_h,188,0.1324923358821664,0.0,0.0,0.0,0.9153368794326242,0.8301872878545168,0.08514959157810742,0.00015570462528780433,0.0,0.00015570462528780433
op_navio_estado_com_operacao_comercial,t_post_operation_h,190,0.13390182881708304,0.0,0.0,0.0,0.905701754385965,0.8301990049751244,0.07550274941084056,0.0001387958632063613,0.0,0.0001387958632063613
op_retirada_residuos_com_operacao_comercial,t_post_operation_h,193,0.13601606821945805,0.0,0.0,0.0,0.8916234887737479,0.8302165812761994,0.06140690749754851,0.00011377012595861262,0.0,0.00011377012595861262
op_retirada_residuos_sem_operacao_comercial,t_post_operation_h,204,0.14376827936149972,0.0,0.0,0.0,0.8435457516339869,0.8302810340812049,0.013264717552782024,2.5265540372755625e-05,0.0,2.5265540372755625e-05
op_navio_estado_sem_operacao_comercial,t_post_operation_h,207,0.1458825187638747,0.0,0.0,0.0,0.8313204508856683,0.8302986138557958,0.0010218370298724633,1.960549051429264e-06,0.0,1.960549051429264e-06
op_reparo_manutencao,t_total_port_stay_h,352,0.2480707565453328,108.83333333333334,39.28333333333333,69.55000000000001,249.98461174242428,110.4833084881155,139.50130325430877,0.008725875414559853,69.55000000000001,0.008725875414559853
op_navio_estado_marinha_brasil,t_total_port_stay_h,188,0.1324923358821664,78.91666666666666,39.333333333333336,39.58333333333332,101.04725177304964,110.84234817851858,-9.79509640546894,-0.00044802113771731325,39.58333333333332,0.00044802113771731325
op_navio_estado_com_operacao_comercial,t_total_port_stay_h,190,0.13390182881708304,78.91666666666666,39.333333333333336,39.58333333333332,101.58631578947367,110.8417636404267,-9.255447850953033,-0.00042558081218630806,39.58333333333332,0.00042558081218630806
op_navio_estado_sem_operacao_comercial,t_total_port_stay_h,207,0.1458825187638747,78.25,39.333333333333336,38.916666666666664,108.14178743961352,110.83329686823632,-2.691509428622794,-0.00012917034706862477,38.916666666666664,0.00012917034706862477
op_retirada_residuos_com_operacao_comercial,t_total_port_stay_h,193,0.13601606821945805,77.25,39.333333333333336,37.916666666666664,99.83730569948186,110.84434176417174,-11.007036064689885,-0.0005100963866503523,37.916666666666664,0.0005100963866503523
op_retirada_residuos_sem_operacao_comercial,t_total_port_stay_h,204,0.14376827936149972,76.625,39.333333333333336,37.291666666666664,109.85367647058824,110.83077518449772,-0.9770987139094842,-4.655216368779955e-05,37.291666666666664,4.655216368779955e-05
op_desembarque_passageiros,t_total_port_stay_h,2613,1.8415025194686212,11.983333333333333,39.916666666666664,-27.93333333333333,99.04825870646766,111.05038997621133,-12.002131269743671,-0.002029040836156307,27.93333333333333,0.002029040836156307
op_embarque_passageiros,t_total_port_stay_h,2606,1.8365692941964127,12.0,39.916666666666664,-27.916666666666664,102.24854182655409,110.98991174225291,-8.741369915698826,-0.0014758435722421628,27.916666666666664,0.0014758435722421628
op_solicitacao_certificado,t_total_port_stay_h,2884,2.032488812149829,18.458333333333336,39.65,-21.191666666666663,546.1090961627369,101.79881364304504,444.3102825196919,0.07883585627583481,21.191666666666663,0.07883585627583481
op_abastecimento_bunker,t_total_port_stay_h,4149,2.9239930934846186,23.416666666666668,39.95,-16.533333333333335,71.96444524785089,112.00000750173022,-40.035562253879334,-0.008481494031443012,16.533333333333335,0.008481494031443012
op_arribada,t_total_port_stay_h,463,0.32629761443320765,53.5,39.333333333333336,14.166666666666664,83.66407487401007,110.9183003139318,-27.254225439921726,-0.001954399730538621,14.166666666666664,0.001954399730538621
op_descarga,t_total_port_stay_h,62067,43.741498995736286,33.916666666666664,45.0,-11.083333333333336,73.54402258849308,139.81906933239802,-66.27504674390494,-0.041340265113053005,11.083333333333336,0.041340265113053005
op_fundeio,t_total_port_stay_h,1472,1.0373868000986644,49.66666666666667,39.3,10.366666666666674,231.6108016304348,109.56326539574475,122.04753623469004,0.015549529711165376,10.366666666666674,0.015549529711165376
op_offshore,t_total_port_stay_h,36960,26.047429437259943,34.916666666666664,41.21666666666667,-6.300000000000004,143.22622474747476,99.41861390384524,43.80761084362952,0.024176361807447887,6.300000000000004,0.024176361807447887
op_fundeio_ship_to_ship,t_total_port_stay_h,97,0.06836040734345819,41.5,39.35,2.1499999999999986,68.38745704467354,110.8584037386517,-42.47094669397816,-0.0013958156864599775,2.1499999999999986,0.0013958156864599775
op_carga,t_total_port_stay_h,68714,48.42594876493182,39.166666666666664,39.583333333333336,-0.4166666666666714,76.97318329112942,142.61896120577745,-65.64577791464804,-0.04125188491751515,0.4166666666666714,0.04125188491751515
op_offshore,t_wait_for_berthing_h,36960,26.047429437259943,0.0,0.0,0.0,3.120821158008658,12.859769063388446,-9.738947905379788,-0.0669603121556273,0.0,0.0669603121556273
op_carga,t_wait_for_berthing_h,68714,48.42594876493182,0.0,0.0,0.0,12.920284561127765,7.8843003420742175,5.035984219053548,0.03942624422239967,0.0,0.03942624422239967
op_abastecimento_bunker,t_wait_for_berthing_h,4149,2.9239930934846186,0.0,0.0,0.0,1.119020647545593,10.600254090862892,-9.481233443317299,-0.025023918527223677,0.0,0.025023918527223677
op_solicitacao_certificado,t_wait_for_berthing_h,2884,2.032488812149829,0.0,0.0,0.0,0.9336222838650023,10.517821251555633,-9.58419896769063,-0.021186406218557125,0.0,0.021186406218557125
op_desembarque_passageiros,t_wait_for_berthing_h,2613,1.8415025194686212,0.0,0.0,0.0,1.1888187268784283,10.49438573062803,-9.305567003749601,-0.01959924332532843,0.0,0.01959924332532843
op_embarque_passageiros,t_wait_for_berthing_h,2606,1.8365692941964127,0.0,0.0,0.0,1.2267651573292402,10.493208126030533,-9.266442968701293,-0.019491171159935955,0.0,0.019491171159935955
op_fundeio,t_wait_for_berthing_h,1472,1.0373868000986644,0.0,0.0,0.0,1.538971920289855,10.415103295044258,-8.876131374754403,-0.014088865145997262,0.0,0.014088865145997262
op_descarga,t_wait_for_berthing_h,62067,43.741498995736286,0.0,0.0,0.0,9.826578536098088,10.709013963354545,-0.882435427256457,-0.006857569204717326,0.0,0.006857569204717326
op_arribada,t_wait_for_berthing_h,463,0.32629761443320765,0.0,0.0,0.0,4.349388048956084,10.342579119294077,-5.993191070337994,-0.005354287940857876,0.0,0.005354287940857876
op_fundeio_ship_to_ship,t_wait_for_berthing_h,97,0.06836040734345819,0.0,0.0,0.0,0.9941580756013746,10.329405092690541,-9.335247017089166,-0.0038223107874051864,0.0,0.0038223107874051864
op_reparo_manutencao,t_wait_for_berthing_h,352,0.2480707565453328,0.0,0.0,0.0,13.575520833333332,10.314934919659278,3.2605859136740545,0.0025409167722600045,0.0,0.0025409167722600045
op_navio_estado_sem_operacao_comercial,t_wait_for_berthing_h,207,0.1458825187638747,0.0,0.0,0.0,9.728341384863123,10.323892284455987,-0.5955508995928636,-0.00035608186413737305,0.0,0.00035608186413737305
op_retirada_residuos_sem_operacao_comercial,t_wait_for_berthing_h,204,0.14376827936149972,0.0,0.0,0.0,9.871813725490195,10.323673110265768,-0.4518593847755721,-0.00026820618282731335,0.0,0.00026820618282731335
op_navio_estado_marinha_brasil,t_wait_for_berthing_h,188,0.1324923358821664,0.0,0.0,0.0,10.703989361702128,10.322518059564217,0.3814713021379106,0.00021737806098517595,0.0,0.00021737806098517595
op_navio_estado_com_operacao_comercial,t_wait_for_berthing_h,190,0.13390182881708304,0.0,0.0,0.0,10.591315789473684,10.322663749808877,0.2686520396648078,0.00015390006100590898,0.0,0.00015390006100590898
op_retirada_residuos_com_operacao_comercial,t_wait_for_berthing_h,193,0.13601606821945805,0.0,0.0,0.0,10.426683937823833,10.322882292886952,0.10380164493688149,5.993080930164803e-05,0.0,5.993080930164803e-05
