column,dtype,missing_n,missing_pct,unique_n
vessel_id,string,94163,66.3610416152789,1536
imo,string,13878,9.78047147538673,12597
avg_wait_prev_20_calls_port,float64,550,0.38761055710208253,25655
avg_operation_prev_20_calls_port,float64,550,0.38761055710208253,123030
std_wait_prev_20_calls_port,float64,550,0.38761055710208253,26848
destination_port,string,447,0.31502167095387434,1271
destination_port_name,string,447,0.31502167095387434,1307
arrivals_prev_7d_avg_port,float64,381,0.26850840410162446,209
arrivals_prev_day_port,float64,124,0.08738856196483315,41
source_port,string,36,0.02537087282849995,1302
source_port_name,string,36,0.02537087282849995,1328
operation_type,string,32,0.02255188695866662,208
rain_sum_prev_1d,float64,3,0.0021142394023749957,675
precipitation_sum_prev_1d,float64,3,0.0021142394023749957,675
wind_speed_10m_max_prev_1d,float64,3,0.0021142394023749957,478
wind_gusts_10m_max_prev_1d,float64,3,0.0021142394023749957,197
temperature_2m_mean_prev_1d,float64,3,0.0021142394023749957,253
rain_sum_prev_3d,float64,3,0.0021142394023749957,13425
precipitation_hours_prev_3d,float64,3,0.0021142394023749957,73
temperature_2m_mean_prev_3d,float64,3,0.0021142394023749957,2166
wind_speed_10m_max_prev_3d,float64,3,0.0021142394023749957,465
wind_gusts_10m_max_prev_3d,float64,3,0.0021142394023749957,194
rain_sum_prev_7d,float64,3,0.0021142394023749957,13655
precipitation_hours_prev_7d,float64,3,0.0021142394023749957,168
temperature_2m_mean_prev_7d,float64,3,0.0021142394023749957,2532
wind_speed_10m_max_prev_7d,float64,3,0.0021142394023749957,459
wind_gusts_10m_max_prev_7d,float64,3,0.0021142394023749957,192
port_call_id,int64,0,0.0,141895
port,string,0,0.0,113
port_name,string,0,0.0,136
vessel_name,string,0,0.0,13685
arrival_port_ts,datetime64[ns],0,0.0,118626
berthing_ts,datetime64[ns],0,0.0,120056
unberthing_ts,datetime64[ns],0,0.0,123487
departure_port_ts,datetime64[ns],0,0.0,123437
port_display,string,0,0.0,113
source_port_display,string,0,0.0,1368
destination_port_display,string,0,0.0,1344
has_arrival_port_ts,bool,0,0.0,1
has_berthing_ts,bool,0,0.0,1
has_unberthing_ts,bool,0,0.0,1
has_departure_port_ts,bool,0,0.0,1
flag_arrival_after_berthing,bool,0,0.0,1
flag_berthing_after_unberthing,bool,0,0.0,1
flag_unberthing_after_departure,bool,0,0.0,1
tmp_wait_for_berthing_h,float64,0,0.0,7281
tmp_operation_h,float64,0,0.0,16527
tmp_post_operation_h,float64,0,0.0,1138
tmp_total_port_stay_h,float64,0,0.0,18712
flag_negative_tmp_wait_for_berthing_h,bool,0,0.0,1
flag_negative_tmp_operation_h,bool,0,0.0,1
flag_negative_tmp_post_operation_h,bool,0,0.0,1
flag_negative_tmp_total_port_stay_h,bool,0,0.0,1
flag_wait_too_long,bool,0,0.0,2
flag_operation_too_long,bool,0,0.0,2
flag_total_too_long,bool,0,0.0,2
eligible_for_eda,bool,0,0.0,1
t_wait_for_berthing_h,float64,0,0.0,7281
t_operation_h,float64,0,0.0,16527
t_post_operation_h,float64,0,0.0,1138
t_total_port_stay_h,float64,0,0.0,18712
t_wait_for_berthing_d,float64,0,0.0,7281
t_operation_d,float64,0,0.0,16527
t_post_operation_d,float64,0,0.0,1138
t_total_port_stay_d,float64,0,0.0,18712
log_t_wait_for_berthing_h,float64,0,0.0,7281
log_t_operation_h,float64,0,0.0,16527
log_t_post_operation_h,float64,0,0.0,1138
log_t_total_port_stay_h,float64,0,0.0,18712
t_wait_for_berthing_h_high,bool,0,0.0,2
t_wait_for_berthing_h_extreme,bool,0,0.0,2
t_operation_h_high,bool,0,0.0,2
t_operation_h_extreme,bool,0,0.0,2
t_total_port_stay_h_high,bool,0,0.0,2
t_total_port_stay_h_extreme,bool,0,0.0,2
arrival_year,int32,0,0.0,12
arrival_month,int32,0,0.0,12
arrival_quarter,int32,0,0.0,4
arrival_weekofyear,Int64,0,0.0,52
arrival_day,int32,0,0.0,31
arrival_dayofweek,int32,0,0.0,7
arrival_hour,int32,0,0.0,24
arrival_is_weekend,Int64,0,0.0,2
arrival_shift,str,0,0.0,4
arrival_season,str,0,0.0,4
op_abastecimento_bunker,bool,0,0.0,2
op_arribada,bool,0,0.0,2
op_carga,bool,0,0.0,2
op_descarga,bool,0,0.0,2
op_desembarque_passageiros,bool,0,0.0,2
op_embarque_passageiros,bool,0,0.0,2
op_fundeio,bool,0,0.0,2
op_fundeio_ship_to_ship,bool,0,0.0,2
op_navio_estado_com_operacao_comercial,bool,0,0.0,2
op_navio_estado_marinha_brasil,bool,0,0.0,2
op_navio_estado_sem_operacao_comercial,bool,0,0.0,2
op_offshore,bool,0,0.0,2
op_reparo_manutencao,bool,0,0.0,2
op_retirada_residuos_com_operacao_comercial,bool,0,0.0,2
op_retirada_residuos_sem_operacao_comercial,bool,0,0.0,2
op_solicitacao_certificado,bool,0,0.0,2
op_tipo_operacao_nao_mapeado,bool,0,0.0,1
arrival_date,datetime64[ns],0,0.0,1421
arrivals_same_day_port,int64,0,0.0,41
port_name_ref,string,0,0.0,113
port_display_ref,string,0,0.0,113
city,string,0,0.0,54
state,string,0,0.0,17
region,string,0,0.0,4
latitude,float64,0,0.0,92
longitude,float64,0,0.0,92
latitude_r,float64,0,0.0,92
longitude_r,float64,0,0.0,92
date,datetime64[us],0,0.0,1421
temperature_2m_mean,float64,0,0.0,248
temperature_2m_max,float64,0,0.0,288
temperature_2m_min,float64,0,0.0,246
precipitation_sum,float64,0,0.0,660
rain_sum,float64,0,0.0,660
precipitation_hours,float64,0,0.0,25
wind_speed_10m_max,float64,0,0.0,464
wind_gusts_10m_max,float64,0,0.0,186
wind_direction_10m_dominant,int64,0,0.0,361
has_port_reference,Int64,0,0.0,1
has_weather_data,Int64,0,0.0,1
