port_display,n,mean,median,p75,p90,max
BRVDC005 - TERFRON - TERMINAL FRONTEIRA NORTE LOGISTICA S.A,198,269.17988215488214,215.75,380.29999999999995,515.2950000000002,969.0
BRVIX026 - ESTALEIRO JURONG - BARRA DO SAHY - ARACRUZ - ES,87,467.8185823754789,143.25,241.65833333333333,491.3333333333333,5787.333333333333
BRITA001 - TERMINAL HERMASA DA AMAZÔNIA LTDA - ITACOATIARA - AM,427,181.52810304449648,130.46666666666667,206.28333333333333,342.16000000000037,1589.3666666666666
BRMCP - SANTANA/MACAPA,231,117.26544011544011,122.45,148.45,172.15,334.6166666666667
BRITJ002 - TERMINAL DA BRASKARNE - ITAJAÍ - SC,61,135.1658469945355,122.16666666666667,163.38333333333333,269.68333333333334,367.2
BRMAO017 - ATEMŽS - MANAUS - AM,59,147.62033898305086,118.91666666666667,187.2,302.01,548.2666666666667
BRANT - ANTONINA,277,137.53110709987968,115.8,161.25,234.07333333333338,1361.3833333333334
BRITA001 - HERMASA DA AMAZÔNIA - ITACOATIARA - AM,32,137.046875,114.51666666666667,188.7,245.47,331.6666666666667
BRSSA004 - TMG-ITAPUA - TERMINAL MARITIMO DE GRANEIS,133,125.7967418546366,108.33333333333333,177.9,230.30666666666667,695.3333333333334
BRMAO007 - CIMENTO VENCEMOS DO AMAZONAS - MANAUS - AM,40,126.23375000000001,107.0,118.4,127.95,545.0
BRSFS - SAO FRANCISCO DO SUL,1554,261.66607679107676,105.38333333333333,274.62916666666666,568.5833333333334,5764.0
BRIGI006 - ILHA GUAÍBA - ITAGUAÍ - RJ,21,182.82222222222222,99.78333333333333,139.06666666666666,391.8333333333333,883.05
BRIGI008 - THYSSENKRUPP TERNIUM BR,429,108.99413364413364,97.66666666666667,120.11666666666666,147.97666666666666,806.3333333333334
BRSTM - SANTAREM,699,146.22355746304243,97.31666666666666,183.825,326.8400000000002,1263.1333333333334
BRSSA005 - COTEGIPE - SALVADOR - BA,378,106.69973544973546,94.43333333333334,118.83749999999999,145.88666666666668,1896.1
BR252002 - TERM AQUAVIARIO DE GUAMARE - 3R OPERAÇÕES MARITIMAS-RN,43,107.15736434108527,92.2,152.9,231.02000000000012,356.2
BRREC - RECIFE,1322,251.12112960161375,89.33333333333334,167.79166666666666,269.4500000000001,23333.0
BRVIX014 - TPS - TERMINAL PRIVATIVO E DE USO MISTO PRAIA MOLE,829,94.39077201447527,83.08333333333333,116.3,149.8,935.0
BRMAO002 - TEMAN - PETROBRAS - MANAUS - AM,49,97.16326530612245,82.8,134.08333333333334,200.31333333333333,343.0
BRITA005 - TERMINAL PORTUÁRIO NOVO REMANSO,111,86.01981981981983,77.65,97.025,113.28333333333333,257.0
BRIGI006 - TERMINAL MBR ILHA GUAÍBA - ITAGUAÍ - RJ,375,96.5064888888889,76.1,101.74166666666667,142.44000000000003,985.5333333333333
BRBAR001 - TMIB - TERMINAL INACIO BARBOSA - BARRA DOS COQUEIROS,168,91.30367063492064,75.86666666666667,124.75416666666666,169.02333333333334,456.5
BRIGI - ITAGUAI ( EX SEPETIBA),229,88.46186317321688,75.6,118.58333333333333,172.20000000000002,477.35
BRITA004 - TFB - EQUADOR LOG - ITACOATIARA - AM,222,149.3737987987988,75.45,232.27499999999998,320.22666666666663,1083.6333333333334
BRVDC004 - TERMINAL FLUVIAL RIO CAPIM CAULIM S/A - BARCARENA - PA,83,92.03694779116466,74.8,120.45,142.98666666666662,283.9
BRIBB - IMBITUBA,988,142.6750168690958,74.625,118.02916666666667,189.26666666666668,25215.583333333332
BRADR003 - TERMINAL TRANSPETRO - ANGRA DOS REIS - RJ,1522,105.82348883048621,73.5,133.925,210.30000000000004,2035.0333333333333
BRIGI - ITAGUAÍ,1590,104.29759958071278,72.85,121.24583333333334,193.00166666666672,4697.0
BRVDC003 - TERMINAL DE GRÃOS PONTA DA MONTANHA - BARCARENA,189,97.1652557319224,71.91666666666667,99.4,163.0900000000001,833.9666666666667
BR252001 - TERMINAL AQUAVIARIO DE GUAMARE - TRANSPETRO - RN,155,112.1232258064516,70.5,119.19999999999999,235.64,894.1
BRQNS004 - TERGASUL - CANOAS - RS,86,81.98003875968993,70.41666666666666,94.47916666666666,120.66666666666666,889.0
BRITA008 - TERMINAL PORTUÁRIO PROVISÓRIO - SUPER TERMINAIS,27,69.92160493827161,68.55,76.58333333333334,101.70000000000002,133.41666666666666
BRSSA010 - ESTALEIRO ENSEADA INDÚSTRIA NAVAL S.A. - PARAGUAÇU,57,126.96842105263157,66.7,92.98333333333333,178.16666666666666,2530.633333333333
BRMAO004 - SUPER TERMINAIS - MANAUS - AM,251,86.3219123505976,66.33333333333333,86.54166666666666,125.08333333333333,642.0
BRITA007 - TERMINAL PORTUARIO PROVISORIO - PORTO CHIBATAO,31,58.881182795698926,63.0,71.82499999999999,91.41666666666667,121.63333333333334
BRMAO006 - CHIBATÃO NAVEGAÇÃO E COMÉRCIO LTDA. - MANAUS - AM,624,78.76407585470085,62.625,75.95833333333334,139.45000000000024,647.9
BRIQI - ITAQUI,2519,89.16149927219797,61.11666666666667,92.60833333333333,155.2266666666667,1609.6666666666667
BRMAO002 - TERMINAL AQUAVIARIO DE MANAUS,274,99.08923357664234,56.95,108.65,187.07000000000002,1498.6
BRTRM001 - TEDUT - TERMINAL ALMIRANTE SOARES DUTRA - RS,34,77.92598039215687,55.45,103.15,167.85,210.58333333333334
BRCDO - CABEDELO,336,114.81750992063492,55.06666666666667,95.73333333333333,120.28333333333333,7520.0
BRFOR - FORTALEZA (MUCURIPE),1969,246.17877094972067,54.916666666666664,97.96666666666667,225.41666666666674,77638.71666666666
BRSSZ - SANTOS,17214,133.11720305177954,54.333333333333336,132.99166666666667,327.0500000000001,22802.083333333332
BRNAT - NATAL,605,83.71815426997244,53.583333333333336,94.0,140.2666666666667,4570.0
BR147001 - TERMINAL PORTUÁRIO FLUVIAL - COPESUL - SANTA CLARA - RS,86,88.17984496124032,53.475,113.0,229.5,408.0
BRIGI009 - MMX PORTO SUDESTE,498,63.16482597054886,51.3,66.54583333333332,92.71833333333335,397.1666666666667
BRVDC - VILA DO CONDE,2681,78.57001118985454,50.416666666666664,92.66666666666667,167.31666666666666,1100.4166666666667
BR302002 - TUP NSR - NOVA SANTA RITA,81,58.42860082304527,50.0,66.75,88.75,309.9166666666667
BRITJ005 - TEPORTI - TERMINAL PORTUÁRIO DE ITAJAÍ S/A,100,56.361333333333334,48.791666666666664,71.16666666666667,97.04333333333334,216.76666666666668
BRVIX021 - TBO - TERMINAL BARCAÇAS OCEÂNICAS ARCELORMITTAL TUBARÃO,174,61.044252873563224,48.29166666666667,72.08749999999999,108.90000000000012,251.16666666666666
BRADR002 - TERMINAL BRASFELS - ANGRA DOS REIS - RJ,45,314.09259259259255,48.233333333333334,320.3333333333333,1077.8866666666668,3208.0
BRARB - ARATU,1540,74.10089826839827,47.916666666666664,71.77083333333333,168.70666666666676,846.0833333333334
BRPMA001 - PONTA DA MADEIRA - VALE,1684,56.5465360253365,47.725,59.891666666666666,76.10333333333334,1273.7
BRNTR - NITERÓI,2139,256.6818450989559,47.583333333333336,144.08333333333331,417.31666666666666,48724.5
BRSUA - SUAPE,4779,184.2769407825905,46.2,111.09166666666667,223.42666666666665,39078.916666666664
BRARB006 - MADRE DE DEUS - TRANSPETRO - BA,82,65.84979674796747,46.13333333333333,65.17916666666667,107.45500000000006,428.3833333333333
BRRS013 - CMPC - GUAIBA - RS,1567,53.11138055732823,46.0,71.65833333333333,96.22666666666667,413.0
BRIGI009 - PORTO SUDESTE,28,78.5125,45.34166666666667,60.12916666666667,154.94166666666678,416.5833333333333
BRRIG - RIO GRANDE,5483,77.36081220742902,45.083333333333336,91.45833333333334,171.16000000000003,1589.9333333333334
BR252001 - TERMINAL AQUAVIÁRIO DE GUAMARÉ,34,67.925,45.0,68.2,111.30999999999996,476.9
BRSSO - SAO SEBASTIAO,503,153.0674618952949,44.833333333333336,90.25,141.51666666666665,4923.0
BRPOA - PORTO ALEGRE - RS,629,66.32853736089031,44.78333333333333,70.86666666666666,100.79333333333334,1228.3333333333333
BRSE002 - TERMINAL AQUAVIARIO DE ARACAJU,28,43.63214285714286,44.55,47.4,61.250000000000014,96.3
BRRIO - RIO DE JANEIRO,26648,172.43462736415492,43.166666666666664,99.91666666666667,245.1333333333332,74652.5
BRRS022 - YARA PORTO ALEGRE,171,50.996588693957115,42.03333333333333,65.325,88.6,239.01666666666668
BRARB006 - TERMINAL AQUAVIÁRIO DE MADRE DE DEUS - TRANSPETRO - BA,928,68.95141882183908,41.79166666666667,61.3,113.11666666666667,1479.6
BRVIX013 - TUBARÃO - ES - CVRD,1128,44.62129137115839,41.45,50.9875,62.525000000000006,725.1666666666666
BRADR - ANGRA DOS REIS,473,110.74080338266386,40.733333333333334,126.91666666666667,208.40000000000003,9730.333333333334
BRVIX - VITÓRIA,1596,101.90848997493735,40.25,73.86666666666666,125.84166666666667,69955.6
BRIOS - ILHEUS,176,72.51761363636363,39.70833333333333,66.0625,196.75,822.0
BR400001 - TERMINAL DE MINERIO FERROPORT - PORTO DO AÇU,1297,65.64509123618608,38.75,76.91666666666667,133.56000000000003,1414.5333333333333
BRTRM001 - TERMINAL DA PETROBRÁS EM IMBÉ - TEDUT - RS,467,81.09532476802285,38.166666666666664,95.9,192.64000000000004,1119.5
BRVIX018 - PORTOCEL - TERMINAL BARRA DO RIACHO - ES,1362,48.00843122858541,36.166666666666664,70.66666666666667,106.7566666666667,751.2166666666667
BRSSO002 - TERMINAL TRANSPETRO - GEBAST - SÃO SEBASTIÃO - SP,2012,57.270717362491716,35.75,49.0,97.5,1308.0
BRAMW001 - ALUMAR - SÃO LUIZ - MA,1067,56.3650109340831,35.46666666666667,49.49166666666667,74.25666666666666,1722.6666666666667
BRSSO002 - TERMINAL AQUAVIÁRIO DE SÃO SEBASTIÃO - ALMIRANTE BARROSO - SP,178,57.63014981273408,34.5,46.0,68.60000000000002,666.5
BRVIX017 - PONTA DE UBU - ES - SAMARCO MINERAÇÃO SA,391,59.04565217391304,34.35,49.18333333333334,81.88333333333334,1614.0
BRBEL - BELEM,1843,64.42444384156266,33.8,84.225,149.26666666666665,1677.1666666666667
BRARB003 - TERMINAL DA DOW BRASIL - ARATU - BA,248,37.436290322580646,33.70833333333333,41.8125,60.150000000000006,191.1
BRMAO - MANAUS,43,36.79651162790697,33.5,45.5,55.800000000000004,75.5
BR400001 - FERROPORT - PORTO DO AÇU,75,72.93577777777777,33.0,71.675,216.60000000000008,381.1
BRPNG - PARANAGUA,8115,74.08286711850482,31.95,70.375,146.6266666666667,7821.5
BRARB003 - DOW BRASIL - ARATU - BA,22,40.483333333333334,30.375,34.604166666666664,62.058333333333344,196.16666666666666
BR147001 - TESC - TERMINAL SANTA CLARA - RS,100,39.57633333333333,29.741666666666667,53.625,82.30833333333335,130.3
BRMCZ - MACEIÓ,236,66.2239406779661,28.683333333333334,85.89166666666667,145.25,640.0
BRMEA001 - TERMINAL PETROBRÁS - MACAÉ - RJ,3531,45.86909279713018,28.5,54.04166666666667,98.38333333333334,1623.5
BRTMT001 - TERMINAL FLUVIAL MRN TROMBETAS - SANTARÉM - PA,763,30.16771515945828,27.133333333333333,35.75,47.40666666666668,187.71666666666667
BRPEC - PECEM,2414,188.19571941452637,27.025,116.01666666666667,244.12833333333333,18090.166666666668
BR052001 - TERMINAL FLUVIAL DE JURUTI,415,32.16136546184739,26.866666666666667,32.25,39.52,413.5
BRITJ - ITAJAI,717,316.5452115295211,26.0,67.81666666666666,303.5133333333333,33978.5
BRPOA040 - TERMINAL MERLIM,478,28.838389121338913,24.416666666666668,34.75,48.13333333333334,117.25
BRITJ - ITAJAÍ,129,672.8529715762274,24.0,92.25,1737.013333333334,8738.75
BRITJ007 - BARRA DO RIO TERMINAL PORTUÁRIO,218,103.58807339449541,23.566666666666666,75.85,345.43333333333334,2977.0
BRRJ022 - PORTO DO AÇU,11287,45.29129234222261,23.25,45.1,90.46999999999998,4481.5
BRRS006 - BIANCHINI - CANOAS - RS,768,39.55870225694444,23.108333333333334,45.358333333333334,86.28666666666672,749.4333333333333
BRMCZ002 - BRASKEM - MACEIO - AL,216,28.29753086419753,22.791666666666668,28.525,42.75,342.9
BRRS010 - TERMINAL AQUAVIÁRIO DE NITERÓI - RS,181,21.135082872928177,20.833333333333332,22.25,24.0,64.5
BRIOA001 - ITAPOA - SC,2042,22.510651322233105,20.4,26.4,35.3,446.2
BRSSA - SALVADOR,2437,64.13669812611134,15.916666666666666,35.21666666666667,102.9,8596.0
BRNVT001 - PORTONAVE - NAVEGANTES - SC,162,17.45185185185185,15.716666666666665,20.200000000000003,26.08666666666667,97.8
BRNVT001 - TERMINAL PORTONAVE - NAVEGANTES - SC,1613,17.305672659640422,14.7,20.8,27.179999999999996,163.3
BRRS015 - OLEOPLAN CANOAS RS,309,21.35803667745415,13.55,27.0,41.68999999999997,622.0
BRMCP - TERMINAL FLUVIAL DE SANTANA - MACAPÁ,81,54.687448559670784,12.0,111.83333333333333,161.18333333333334,188.13333333333333
BRPET - PELOTAS,1755,15.031813865147198,11.816666666666666,14.133333333333333,20.72666666666667,241.65
BRVIX008 - CIA PORTUARIA VILA VELHA - CPVV - ES,534,33.90190387016229,11.791666666666668,22.5,52.141666666666666,3841.0833333333335
BRBCS001 - ATRACADOURO BARRA SUL,132,10.379671717171716,10.0,11.0,12.0,40.0
BRPBO001 - INSTALAÇÃO PORTUÁRIA DE TURISMO DE PORTO BELO,40,10.795416666666666,10.0,11.0,12.0,32.0
BRARE - AREIA BRANCA (TERMISA),3695,10.563265674334687,5.25,7.25,10.5,438.8333333333333
BR997001 - TERMINAL BELMONTE - BA,476,6.475175070028011,1.5833333333333333,5.333333333333333,15.041666666666668,137.41666666666666
