port_display,n,mae_original,mae_enriched,absolute_gain_h,percent_gain,actual_q90_h,actual_q95_h
BRRIO - RIO DE JANEIRO - RJ,3805,48.02393435723604,45.82908401816073,2.194850339075309,4.570325960277343,158.86666666666665,238.49999999999977
BRSSZ - SANTOS - SP,2740,69.12887856605873,59.69262269247182,9.436255873586909,13.650237164732443,283.025,390.1091666666666
BRRJ022 - SÃO JOÃO DA BARRA - RJ,1636,32.881966565594865,31.97441873791342,0.9075478276814444,2.7600168799850064,110.275,159.21249999999998
BRPNG - PARANAGUÁ - PR,1268,35.56011250097801,33.625976897111286,1.9341356038667215,5.439059293790274,140.87499999999997,203.10749999999987
BRRIG - SÃO JOSÉ DO NORTE - RS,909,36.498045751059784,35.67583323887459,0.822212512185196,2.252757634732598,156.69666666666672,223.3299999999989
BRSUA - CABO DE SANTO AGOSTINHO - PE,762,49.08444969596675,45.67764142695048,3.406808269016267,6.940707882268879,182.95666666666665,267.1941666666663
BRMEA001 - MACAÉ - RJ,521,30.90825765487407,29.878171720680662,1.0300859341934085,3.332720807803184,103.83333333333333,148.5
BRARE - AREIA BRANCA - RN,482,5.586545450579763,4.095470553307121,1.4910748972726422,26.690463909461272,10.491666666666669,49.93749999999977
BRVDC - BARCARENA - PA,443,39.317532030983315,30.78010578280114,8.537426248182175,21.71404411002818,150.69000000000003,196.28166666666658
BRIQI - SÃO LUIZ - MA,400,39.10547506925876,36.44861885190623,2.6568562173525265,6.794077332258547,146.44833333333335,220.05666666666656
BRPEC - SÃO GONÇALO DO AMARANTE - CE,397,43.44983103911882,43.17944011165094,0.2703909274678793,0.6223060504526254,191.75333333333356,308.1499999999999
BRIOA001 - ITAPOÁ - SC,327,7.283456153806296,7.168378604767573,0.11507754903872325,1.5799854713010708,36.74,41.64
BRSSO002 - SÃO SEBASTIÃO - SP,318,30.739145174680456,27.123202523969496,3.6159426507109593,11.763315570952757,116.80000000000007,206.4791666666666
BRPET - PELOTAS - RS,296,6.001563553229619,4.63632790098822,1.3652356522413998,22.74799958598665,23.21666666666667,38.641666666666666
BRPMA001 - SÃO LUIZ - MA,279,10.205961668676837,9.993514707639843,0.2124469610369939,2.0815966974382807,59.57,63.29499999999999
BRIGI - ITAGUAÍ - RJ,273,40.29869014589761,35.62431651322323,4.674373632674381,11.59931902439323,172.15,200.86666666666665
BRNTR - NITERÓI - RJ,263,69.44547508711902,64.48414178858938,4.961333298529638,7.144213920785579,250.81666666666666,388.3499999999997
BRBEL - BELÉM - PA,260,45.96316143266684,34.69340029028495,11.269761142381888,24.519116594909132,161.22,248.19333333333296
BRADR003 - ANGRA DOS REIS - RJ,248,59.86690013654171,54.038322424374975,5.828577712166734,9.735893622140413,193.3,241.47499999999997
BRRS013 - GUAÍBA - RS,242,25.17920031374636,19.1984379643884,5.98076234935796,23.752789107018685,92.59833333333334,110.35916666666664
BRNVT001 - NAVEGANTES - SC,225,7.051088771377344,5.552044087531109,1.4990446838462352,21.259761895657075,23.06,34.83999999999999
BR400001 - SÃO JOÃO DA BARRA - RJ,223,33.71448017837787,30.819002616747838,2.895477561630031,8.588231366197926,143.55333333333337,176.5999999999999
BRSFS - SÃO FRANCISCO DO SUL - SC,221,130.56626806866757,114.99111432152893,15.575153747138643,11.928926190145328,460.2,584.3333333333334
BRFOR - FORTALEZA - CE,217,49.76474449276909,45.92304517163464,3.841699321134449,7.719720778818939,169.60000000000002,265.68666666666655
BRVIX013 - VITÓRIA - ES,211,9.336109469618673,10.158780388464278,-0.8226709188456045,-8.811710290273684,53.833333333333336,59.766666666666666
BRVIX018 - VITÓRIA - ES,209,25.2283735009752,22.289190378130275,2.9391831228449234,11.650307629745967,108.91000000000003,118.73666666666666
BRITJ - ITAJAÍ - SC,209,32.82379592419331,27.630732088055165,5.193063836138148,15.821033765051274,88.7666666666667,174.9199999999998
BRARB - CANDEIAS - BA,192,40.486863087461835,38.521530403108606,1.9653326843532284,4.854247858392028,166.75833333333335,248.77083333333306
BRREC - RECIFE - PE,175,53.48647929991982,47.657973608335766,5.828505691584056,10.897157128068425,202.26666666666665,220.67499999999995
BRAMW001 - SÃO LUIZ - MA,166,14.501575240213212,16.25676477213093,-1.7551895319177166,-12.10344050797002,70.88333333333333,83.32916666666667
BRSSA - SALVADOR - BA,164,21.495863292626197,19.528313983801837,1.9675493088243599,9.15315324646345,77.19833333333338,149.14999999999998
BRARB006 - MADRE DE DEUS - BA,164,33.0989245957801,31.536173081289366,1.5627515144907314,4.721457067188135,93.43500000000003,151.58333333333326
BRIBB - IMBITUBA - SC,158,24.386510330774815,24.302927650736095,0.08358268003872027,0.3427414537997354,122.68,140.40250000000003
BRVIX014 - VITÓRIA - ES,125,38.524168419462804,37.76602932073041,0.7581390987323928,1.9679570769121992,144.93333333333334,187.6666666666666
BRADR - ANGRA DOS REIS - RJ,122,56.3176130329064,53.690428380017195,2.6271846528892056,4.66494318811797,181.92000000000002,270.6499999999999
BRNAT - NATAL - RN,122,38.70901873300593,27.298047829944156,11.41097090306177,29.478843113457703,144.15000000000003,152.9375
BRVIX008 - VILA VELHA - ES,108,14.114937876463625,14.226327947881604,-0.11139007141797919,-0.7891644468639136,36.43333333333333,80.24583333333324
BRTMT001 - SANTARÉM - PA,106,9.137959442144663,8.825511192346108,0.312448249798555,3.419234368206213,47.233333333333334,57.725
BRRS006 - CANOAS - RS,104,33.04942556985413,33.12451715128845,-0.0750915814343216,-0.2272099443169022,72.28000000000002,165.74666666666653
BRIGI009 - ITAGUAÍ - RJ,103,25.39760177415919,23.8122115160577,1.5853902581014907,6.242283315563075,107.99666666666666,124.56999999999998
BRMAO006 - MANAUS - AM,102,11.932485029274275,13.4495035712053,-1.5170185419310247,-12.713349635128674,93.08333333333337,135.0016666666665
BRSTM - SANTARÉM - PA,91,77.66988143411047,79.58051726009316,-1.9106358259826948,-2.4599443062154545,325.93333333333334,378.275
BRMCP - MACAPÁ - AP,86,29.221861080183153,31.779411214504,-2.5575501343208487,-8.752180866588457,167.66666666666669,185.00833333333333
BRVIX017 - VITÓRIA - ES,80,26.485462586211376,23.967666059118216,2.517796527093161,9.506333970560716,68.90833333333333,75.0449999999998
BRRS015 - CANOAS - RS,74,9.474870246804068,9.459557532108509,0.015312714695559393,0.16161397778217032,38.0,52.69999999999999
BR052001 - JURITI - PA,73,11.411809052810202,12.426908174899017,-1.0150991220888148,-8.895163925292307,37.129999999999995,67.82999999999993
BRITA001 - ITACOATIARA - AM,71,70.3074627539874,68.96297881722153,1.3444839367658687,1.9122919304745043,365.18333333333334,378.20833333333337
BRTRM001 - IMBÉ - RS,70,51.714407783546626,50.739145170664756,0.9752626128818704,1.8858624794929169,196.80000000000007,300.12499999999983
BR997001 - BELMONTE - BA,70,9.286450083713612,9.055696714710763,0.2307533690028496,2.484839383431783,42.34166666666667,44.699999999999996
BRPOA040 - PORTO ALEGRE - RS,67,14.365100262406363,12.877712815885445,1.487387446520918,10.354173791695896,58.489999999999995,68.82499999999996
BRVIX - VITÓRIA - ES,67,35.769776440366535,29.871789856492224,5.89798658387431,16.488743209528074,129.68333333333334,162.5333333333333
BRIGI008 - ITAGUAÍ - RJ,65,23.806723396328834,26.46887787442993,-2.662154478101094,-11.18236404809751,144.58333333333331,157.45333333333332
BRPOA - PORTO ALEGRE - RS,61,27.866676963920177,28.731231640489028,-0.8645546765688508,-3.102467788635924,74.93333333333334,116.5
BRSSA005 - SALVADOR - BA,61,44.57457041239525,36.473340999169686,8.101229413225568,18.174554097267947,159.71666666666667,177.51666666666668
BRSSO - SÃO SEBASTIÃO - SP,57,26.93359382463301,23.177435926707375,3.756157897925636,13.945995927547989,109.6,115.78333333333333
BRIGI006 - ITAGUAÍ - RJ,55,23.991205992952985,23.500571865455218,0.490634127497767,2.0450582085864406,117.72,140.42333333333335
BRMAO004 - MANAUS - AM,51,21.263983896344637,24.10182233544737,-2.8378384391027325,-13.345751449663993,95.11666666666666,171.88333333333333
